"cluster_id_dropped","k_es","k_study","est_z","se_z","ci_lb_z","ci_ub_z","df","sigma2_1","sigma2_2","sigma2_3","cooks_d_cluster","status","note"
"Al-Fakir Al Rabab'a et al (2023)",2657,114,-0.0586594525330189,0.0139867712646364,-0.0863760539989959,-0.030942851067042,110.680919494412,0.0199311884589543,3.13407074937655e-09,0.0120020756903838,8.40964191162646e-07,"ok",""
"Ali et al (2023)",2703,114,-0.0580261750168391,0.0139807253182893,-0.085730778875057,-0.0303215711586212,110.686986000526,0.0199327867645534,2.85627190960437e-09,0.0119086217226486,0.00200286426109502,"ok",""
"Ali et al (2026)",2704,114,-0.0589481641655886,0.0139984106282136,-0.0866878030374431,-0.0312085252937341,110.690849905895,0.0199862166849352,2.60632746950697e-09,0.0119194870812943,0.000472549853915898,"ok",""
"Almutairi (2026)",2697,114,-0.058609616709956,0.0140059853722364,-0.0863642528223402,-0.0308549805975719,110.695571629986,0.020013220036412,2.67595782650115e-10,0.0118978953446534,7.16630567201356e-06,"ok",""
"Altavilla et al (2024)",2631,114,-0.0589555387668993,0.0139069863646437,-0.0865141947484656,-0.031396882785333,110.623297100808,0.0196454842427637,2.16666334048739e-09,0.0122951640136615,0.000495955122339067,"ok",""
"Apergis et al (2022)",2711,114,-0.0584714301891716,0.0139772685751687,-0.0861690880287591,-0.0307737723495841,110.721726522947,0.0199626598118581,2.161396052174e-09,0.0118872378584552,0.000159837020985655,"ok",""
"Atif, Ali (2021)",2711,114,-0.0587580379351048,0.0139812389184258,-0.0864635690591172,-0.0310525068110924,110.719712946451,0.0199733340355963,1.77205111568083e-09,0.0118871335346109,6.44291496082498e-05,"ok",""
"Attig et al (2025)",2697,114,-0.0594608281818434,0.0139746866653823,-0.0871534703725994,-0.0317681859910875,110.685286342038,0.0199070495095847,1.60522593454824e-09,0.0119204934766245,0.00344689653343863,"ok",""
"Azmi et al (2021)",2710,114,-0.0594649869878354,0.0139467618646221,-0.0871022028929175,-0.0318277710827532,110.7178016975,0.0198697492576077,2.40089525251796e-09,0.0118886747642088,0.00348220359159264,"ok",""
"Bannier et al (2022)",2700,114,-0.0591734477373903,0.0139876455809781,-0.086891766810209,-0.0314551286645717,110.686326615008,0.0199464964073639,1.81821689914412e-09,0.0119389615955758,0.00144286838265403,"ok",""
"Bauer, Hann (2010)",2547,114,-0.0588324303007518,0.0138083555310903,-0.0861958536131336,-0.03146900698837,110.543559996962,0.019299770400767,2.50041753269412e-09,0.0126667935686053,0.000179339529468089,"ok",""
"Ben Slimane et al (2019)",2705,114,-0.0565196586635114,0.0150095996467979,-0.0862609815070938,-0.0267783358199291,111.408215680351,0.0239011014873886,1.66788569926735e-09,0.00685058803212236,0.0235314419190828,"ok",""
"Bhattacharya & Sharma (2019)",2711,114,-0.0587040393870577,0.0139640780575343,-0.0863753342342383,-0.0310327445398772,110.803054985956,0.0199553528474067,1.77165165353295e-09,0.0118579189723371,1.70778450170372e-05,"ok",""
"Boermans et al (2023)",2652,114,-0.0590700564810845,0.0139291700494941,-0.0866726209969189,-0.0314674919652502,110.641990998986,0.0197266627666209,2.29462629924877e-10,0.0121948972199353,0.000932006712788778,"ok",""
"Borsuk & Shrimali (2026)",2708,114,-0.0592095029042916,0.0139853234568751,-0.0869232098696729,-0.0314957959389104,110.690128714524,0.0199570484184728,3.07707477760359e-09,0.0119018914122599,0.00164716796309255,"ok",""
"Boubaker et al (2026)",2697,114,-0.0586735585079289,0.0139994352107806,-0.0864152304874371,-0.0309318865284207,110.689851030446,0.0199847584978994,2.29980407132531e-09,0.0119353469822844,3.74162912896184e-06,"ok",""
"Brinette et al (2026)",2701,114,-0.0575546042195222,0.0139584002286396,-0.085214952110463,-0.0298942563285813,110.692755893373,0.0198801458018512,2.20796290958965e-09,0.0118101595279324,0.00620343599208973,"ok",""
"Caragnano et al (2020)",2708,114,-0.0590289137031993,0.0139957982753348,-0.0867633654894737,-0.0312944619169248,110.694597037735,0.0199913663751959,2.07424478541346e-09,0.0118912063469801,0.000759645615909223,"ok",""
"Chava (2010)",2663,114,-0.0590028883477755,0.013948522361277,-0.0866437665636907,-0.0313620101318604,110.654869545392,0.0197957461020223,2.68493015521485e-09,0.0121295780572423,0.000659708174407251,"ok",""
"Chava (2014)",2691,114,-0.0590015042034898,0.0139845464738241,-0.0867136964088195,-0.0312893119981601,110.681117928593,0.0199278116005608,2.19779913806347e-09,0.0119866489967838,0.00065459037313553,"ok",""
"Chen et al (2020)",2665,114,-0.0590458787779576,0.0139591913799336,-0.0867078745916714,-0.0313838829642437,110.663736850635,0.0198339616184966,2.60944247348176e-09,0.0120847120703208,0.00082858478402989,"ok",""
"Chen, Gao (2011)",2709,114,-0.0585007637500423,0.0139733115268106,-0.0861904844578869,-0.0308110430421976,110.756397958082,0.0199677613845981,1.78486545383802e-09,0.0118617951624422,0.000110821995183836,"ok",""
"Chodnicka-Jaworska (2022)",2703,114,-0.0584423655954828,0.014032918229548,-0.0862502908292177,-0.0306344403617479,110.725029876928,0.0201285362869718,1.98151562107030e-09,0.0117425228168928,0.000217230265118417,"ok",""
"Christ et al (2022)",2678,114,-0.0587565823522207,0.013974982809859,-0.0864498500476392,-0.0310633146568023,110.671307300272,0.0198962032324682,2.96458709391035e-09,0.0120310241613941,6.27549784554782e-05,"ok",""
"Cicchini et al (2026)",2693,114,-0.058929426698132,0.0140167635553264,-0.0867053976878637,-0.0311534557084004,110.704033098421,0.0200482245372189,2.45922262886319e-09,0.0118590212746613,0.000415626176842903,"ok",""
"CLUSTER Kleimeier-Viehs",2684,114,-0.0590001710818361,0.013979347846847,-0.086702071751155,-0.0312982704125172,110.677424136436,0.0199078918364566,7.54438512621519e-10,0.0120092789867338,0.000649680065503027,"ok",""
"CLUSTER Sandra/Ofogbe",2708,113,-0.0591383955435576,0.0139883692666663,-0.0868581316672592,-0.031418659419856,110.692478775147,0.0099846605022115,0.00998466257323519,0.0118972674665347,0.0012572151320403,"ok",""
"Cubas, Martinez (2018)",2678,114,-0.0589028161943015,0.0139784891047393,-0.0866030215345456,-0.0312026108540573,110.675117493914,0.0199066397256861,9.08011769923065e-10,0.0120160389259274,0.000341060670982912,"ok",""
"D'Arcangelo et al (2025)",2654,114,-0.0593563652229057,0.0139178905975061,-0.0869365804709792,-0.0317761499748322,110.641077920922,0.0196949966957117,2.71610485720406e-09,0.0121711552342101,0.00261905106851659,"ok",""
"Delis et al (2021)",2681,114,-0.0590084836282506,0.0139895687608562,-0.0867306156934737,-0.0312863515630275,110.685616996338,0.0199424111147313,1.46754378109232e-09,0.0119743626455821,0.000680599538220998,"ok",""
"Devalle et al (2017)",2710,114,-0.0588567953691531,0.0139460694175067,-0.0864922279652704,-0.0312213627730358,110.86709910166,0.0199156361801752,2.18986065474596e-09,0.0118688173948957,0.000229489764989549,"ok",""
"Ding et al (2022)",2705,114,-0.0589072713963928,0.0140178229114158,-0.0866853343756291,-0.0311292084171565,110.706650734718,0.0200618613860866,2.30920627343694e-09,0.0118349940250373,0.000353031262784334,"ok",""
"Drago et al (2018)",2711,114,-0.0408938518291577,0.00508540868794256,-0.0509863337200812,-0.0308013699382343,97.4946309394475,0.00165787829182144,3.98918643889295e-09,0.00958191620134596,1.63915340071845,"ok",""
"Drago, Carnevale (2020)",2712,114,-0.0580829103390375,0.0139379200724602,-0.0857023929108287,-0.0304634277672462,110.794866628489,0.0198713448696654,3.05922408582595e-09,0.0118833105048241,0.00165337872668175,"ok",""
"Du et al (2015)",2681,114,-0.0588448638381343,0.0139888504916757,-0.0865655814678579,-0.0311241462084108,110.682398726252,0.0199435554110705,2.86847926007198e-09,0.0119800884847534,0.000204159717953559,"ok",""
"Du et al (2022)",2711,114,-0.0592935424813202,0.0139634818154704,-0.0869639026961461,-0.0316231822664942,110.71357141387,0.0199172104423106,2.79119316547019e-09,0.0118873339913384,0.00217585343028764,"ok",""
"Dumrose & Höck (2023)",2682,114,-0.0585835857754342,0.0139974221996564,-0.0863212696157804,-0.030845901935088,110.689526048321,0.0199684502395384,1.81975984086783e-09,0.0119612090025679,2.07414885060574e-05,"ok",""
"Duong et al (2025)",2678,114,-0.0589105881953776,0.0139745412827801,-0.0866029772151725,-0.0312181991755828,110.672656628175,0.019889658725703,2.83071134944543e-09,0.0120368189797634,0.000362077173110278,"ok",""
"Ehlers et al (2021)",2691,114,-0.0594907461762182,0.0139538792732716,-0.0871421950460586,-0.0318392973063778,110.671086541286,0.0198370244598431,3.46264116048366e-10,0.0119807104038826,0.00370489981136667,"ok",""
"Eichholtz et al (2019)",2677,114,-0.0588177065516543,0.0139841674589354,-0.0865291537734039,-0.0311062593299047,110.678919336347,0.0199244548300143,2.12669884173638e-09,0.0120041720816672,0.000152027185930806,"ok",""
"Eliwa et al (2021)",2711,114,-0.0587922624237839,0.0139813639647977,-0.0864980438041657,-0.031086481043402,110.718822467,0.0199731911418295,1.13190111737973e-09,0.0118872362327456,0.000110144243061927,"ok",""
"Erragragui (2018)",2709,114,-0.0586540244925363,0.0139939164846813,-0.0863847390967758,-0.0309233098882969,110.697550228059,0.0199923243822006,2.54006975717429e-09,0.0118963991948274,2.76238652546996e-07,"ok",""
"Ferriani (2022)",2683,114,-0.0593118948531585,0.0139826254816694,-0.0870202654636337,-0.0316035242426834,110.686503662311,0.019936863805134,3.11110953964012e-09,0.011917843206359,0.00230107982754549,"ok",""
"Fonseka et al (2019a)",2642,114,-0.0579009225629049,0.014206808676165,-0.0860530501142898,-0.02974879501152,110.861429920066,0.0207556588971836,2.02589358542411e-09,0.0109564705113712,0.00289296279219799,"ok",""
"Fonseka et al (2019b)",2708,114,-0.0571763542934362,0.0139009060479338,-0.0847228136893987,-0.0296298948974738,110.676922437357,0.0197070327756543,2.18157716175835e-09,0.0118233386236432,0.0112445549828634,"ok",""
"Ge, Liu (2015)",2709,114,-0.0587744676726118,0.01399632648688,-0.0865099622060688,-0.0310389731391548,110.696031333219,0.0199965398530767,9.43294093523917e-10,0.0118965631343455,8.4854480667941e-05,"ok",""
"Gonzales Sanches et al (2026)",2696,114,-0.0588275864718392,0.0139943446652245,-0.0865591802783889,-0.0310959926652894,110.686457890593,0.0199627292308852,2.17121139691218e-09,0.0119609287448632,0.000170105396798655,"ok",""
"Hamrouni et al (2019a)",2711,114,-0.0586562047976159,0.0139786513090641,-0.0863565920084283,-0.0309558175868035,110.725592372629,0.0199688209271469,2.54860071034111e-09,0.0118867404090056,4.66246335347112e-07,"ok",""
"Hansen & Marcet (2025)",2677,114,-0.0585167032055186,0.0139701527105904,-0.0862004080488241,-0.0308329983622131,110.668187595424,0.0198780544894989,2.86264238069999e-09,0.0120483045045297,8.79410399891237e-05,"ok",""
"Ho & Wong (2023)",2675,114,-0.0590659114585081,0.0139640154384879,-0.0867374580340756,-0.0313943648829407,110.66690363184,0.019855166947316,3.10606053549293e-09,0.0120557815557213,0.000913844204814068,"ok",""
"Höck et al (2020)",2703,114,-0.0587272342029575,0.0139967687061076,-0.0864636186108572,-0.0309908497950579,110.691133605984,0.0199890143238907,3.62044479753567e-10,0.0119153976823905,3.37013670402063e-05,"ok",""
"Hoepner et al (2016)",2694,114,-0.0584227099908672,0.0139933111708912,-0.0861522407453684,-0.0306931792363661,110.691894330916,0.0199814752018136,1.8794210550437e-09,0.0119064716210955,0.000261024324316631,"ok",""
"Hu et al (2024)",2664,114,-0.0593923852949508,0.0139844116462748,-0.0871042812358722,-0.0316804893540294,110.6916306499,0.0199305932050571,1.95593479557164e-09,0.0119231133980926,0.00289168007550666,"ok",""
"Hui et al (2024)",2677,114,-0.0590040879275952,0.0139677236920446,-0.0866829768801156,-0.0313251989750748,110.669080880213,0.019865053261,2.7490237233202e-09,0.0120555533174408,0.000664159677898809,"ok",""
"Jang et al (2020)",2712,114,-0.0600480537837041,0.0138591703984749,-0.0875115735997962,-0.032584533967612,110.762658860224,0.0196231859146624,1.82954140983062e-09,0.0118828705724943,0.0102130302702552,"ok",""
"Jiraporn et al (2014)",2712,114,-0.0587790302186329,0.0139582354815564,-0.0864387745871721,-0.0311192858500937,110.793184539573,0.0199326884836274,4.17668560302636e-10,0.0118832643280027,9.10247417953688e-05,"ok",""
"Jung et al (2016)",2696,114,-0.0584249698919168,0.013986691116774,-0.0861413932974436,-0.03070854648639,110.687871041112,0.0199597882030629,1.82388871509811e-09,0.0119281057504392,0.000255784644761607,"ok",""
"Kim & Pouget (2026)",2680,114,-0.0591716590342853,0.0139672808898586,-0.0868496625033747,-0.0314936555651959,110.671979557325,0.0198669395248917,9.15512653639327e-10,0.0120298483655139,0.00143308510397883,"ok",""
"Kim, Kim (2022)",2680,114,-0.058353516657868,0.0139743675552769,-0.08604555609604,-0.0306614772196961,110.674579580284,0.0199053978560411,2.22378586945382e-09,0.0119927333925554,0.000447165992471807,"ok",""
"Kölbel et al (2020)",2659,114,-0.0592224138979885,0.0139308549396442,-0.0868283040877496,-0.0316165237082274,110.64676479098,0.01973647358777,1.4709403853486e-09,0.0121583907023107,0.0017236136368019,"ok",""
"Kordschia (2020)",2708,114,-0.058043976011124,0.0140158948655391,-0.0858181863237309,-0.0302697656985171,110.718197383145,0.0200710424459236,1.79610635240416e-09,0.0117448591498851,0.00188960679387411,"ok",""
"Kozak (2021)",2692,114,-0.0588031844879993,0.0140318786745744,-0.0866090786002058,-0.0309972903757927,110.714619741426,0.0200955135204914,2.066068368487e-09,0.0118218243686333,0.000127297854331529,"ok",""
"Lee (2022)",2704,114,-0.0589467642754115,0.0139977936836267,-0.0866851810370598,-0.0312083475137632,110.690689460032,0.0199858215351459,1.79244003493799e-09,0.011917939444473,0.000468170813077622,"ok",""
"Lemma et al (2017)",2705,114,-0.0588869681710138,0.013993104478018,-0.0866160771936411,-0.0311578591483865,110.696281327715,0.0199884039967588,3.15408139487826e-09,0.0118973465715637,0.000300152425004283,"ok",""
"Li & Qiu (2026)",2651,114,-0.0590463902502954,0.013932974273682,-0.0866564878828394,-0.0314362926177514,110.643976043673,0.0197410411340012,2.29867671148198e-09,0.0121816510681208,0.000830709689711916,"ok",""
"Li et al (2014)",2695,114,-0.0585591926912293,0.0139914800617671,-0.0862851160645204,-0.0308332693179383,110.684237349329,0.0199563559478354,1.22391151108391e-09,0.0119631058768964,3.98596698908555e-05,"ok",""
"Li et al (2022)",2696,114,-0.0588309080524317,0.0139961409157444,-0.0865660575905528,-0.0310957585143106,110.687819321741,0.0199693287641654,2.9573704011299e-09,0.011953574142573,0.00017641126278579,"ok",""
"Lin et al (2025)",2684,114,-0.0587565540288805,0.0139856351376401,-0.0864709072685862,-0.0310422007891749,110.67977876721,0.0199292432743455,1.57444783816772e-09,0.012001316674212,6.27226203245564e-05,"ok",""
"Liu et al (2023)",2703,114,-0.0589068289978307,0.0139984012939735,-0.0866464511659139,-0.0311672068297475,110.690202374446,0.0199841645813284,2.952951556076e-09,0.011926562479258,0.000351833358083428,"ok",""
"Luo et al (2019)",2703,114,-0.0591664441647321,0.0139922591498434,-0.08689389099,-0.0314389973394643,110.69161086469,0.0199745796824744,2.01759074643768e-09,0.0118976810651232,0.00140475242345797,"ok",""
"Ma et al (2022)",2699,114,-0.0588719904512663,0.0139963178630479,-0.0866074897314168,-0.0311364911711158,110.68814498179,0.0199728023239284,2.79537266025523e-09,0.0119448894745489,0.000263891949405475,"ok",""
"Maaloul, Wegener (2021)",2657,114,-0.0589026714003648,0.0139819044186614,-0.086609635856022,-0.0311957069447076,110.678289462557,0.0199290151745327,1.74016878985238e-09,0.011980948066508,0.000340675091195274,"ok",""
"Mahmoudian et al (2023)",2705,114,-0.0580683790917158,0.0139790710453776,-0.0857697057700479,-0.0303670524133837,110.686633654069,0.0199334661229372,2.14972441940604e-09,0.0119085357261723,0.00173970055233082,"ok",""
"Nandy, Lodh (2012)",2707,114,-0.0590903298112693,0.0139905497829692,-0.0868143870959823,-0.0313662725265562,110.692410084668,0.0199748904606416,1.8662755314841e-09,0.0118995594619832,0.0010234143273727,"ok",""
"Nasih et al (2024)",2708,114,-0.057798361398829,0.0139448942410389,-0.0854319387373337,-0.0301647840603243,110.695191150199,0.0198506167992645,2.20613372831419e-09,0.0118956725927044,0.00374332617362529,"ok",""
"Ng & Rezaee (2012)",2707,114,-0.0587207796050902,0.0140000811740528,-0.0864637227906004,-0.03097783641958,110.693047473488,0.019999428589325,9.70063605766931e-10,0.0119059062576587,2.85134445341908e-05,"ok",""
"Oikonomou et al (2014)",2708,114,-0.0589985456647309,0.0139951669878333,-0.0867317499105692,-0.0312653414188926,110.693355960025,0.0199880986265418,1.88389230377009e-09,0.0118985092860861,0.000643718152090654,"ok",""
"Okimoto & Takaoka (2024)",2681,114,-0.0601094487057408,0.0138663487359505,-0.0875875255916713,-0.0326313718198102,110.641468202181,0.0195549101189174,1.63184049984047e-09,0.0120279543406806,0.0111275469572503,"ok",""
"Okimoto, Takaoka (2022)",2703,114,-0.0589952081062372,0.0139970667949823,-0.0867321824005521,-0.0312582338119223,110.691427845369,0.0199865759357358,1.68654005362663e-09,0.0119096377431944,0.000631562376310997,"ok",""
"Owolabi et al (2024)",2707,114,-0.0591470669390385,0.013991480138559,-0.0868729711075942,-0.0314211627704828,110.691230235081,0.0199731206722107,2.56446265571168e-09,0.0119003798443134,0.00130195324844716,"ok",""
"Palea, Drogo (2020)",2677,114,-0.0589626355601372,0.0140299325993749,-0.0867646746593865,-0.0311605964608879,110.714124308664,0.0200925720391523,2.88565810620179e-09,0.0118129464804456,0.000519012831560345,"ok",""
"Panjwani et al (2023)",2543,114,-0.0591372774927911,0.0139384381817984,-0.0867581849062511,-0.0315163700793312,110.65039054549,0.0197609246448841,2.70082923910465e-09,0.0121487522977218,0.00125150372513392,"ok",""
"Pizzutilo et al (2020)",2693,114,-0.0584831711413063,0.0139898079639861,-0.0862057818346456,-0.030760560447967,110.683949196592,0.0199449463925412,2.50993998405934e-09,0.0119776106971892,0.000139144157520404,"ok",""
"Ratajczak & Mikolajewicz (2021)",2707,114,-0.0580190129491744,0.0139645536888896,-0.0856915512052842,-0.0303464746930646,110.694022896866,0.0199061635850693,2.42973702525443e-09,0.0119014190822299,0.00204936223080283,"ok",""
"Ririmasse et al (2026)",2695,114,-0.0591586874736041,0.0139827400069768,-0.0868672964415943,-0.031450078505614,110.682379030169,0.0199273843969934,1.7948343933051e-09,0.0119626421595433,0.00136313318257288,"ok",""
"Safiullah et al (2021)",2680,114,-0.058462557425857,0.0139822352659537,-0.0861701774459629,-0.0307549374057511,110.678308454962,0.0199184049855987,1.61093403051231e-09,0.0120045531831081,0.000176426094491685,"ok",""
"Safiullah et al (2025)",2657,114,-0.0590663155972758,0.0139533210374341,-0.0867166918463969,-0.0314159393481547,110.658921101083,0.0198167864007665,2.43037196050581e-10,0.012096187328832,0.000915607182284141,"ok",""
"Salvi et al (2021)",2708,114,-0.0592714982868948,0.0139837549439391,-0.0869820930727291,-0.0315609035010605,110.691563999426,0.0199548106355113,2.96901934146023e-09,0.011890823214076,0.0020300675718065,"ok",""
"Schneider (2010)",2703,114,-0.0592490683865056,0.014051030926877,-0.0870927881531808,-0.0314053486198303,110.760307271939,0.0202156504331687,2.53306991251888e-09,0.0116006578444735,0.00188691910062486,"ok",""
"Seltzer et al (2022)",2701,114,-0.0586691621013712,0.0139974353102593,-0.0864068740922284,-0.0309314501105139,110.688742364007,0.019981669506649,1.748796842852e-09,0.0119340698117307,2.61556587130717e-06,"ok",""
"Shad et al (2022)",2711,114,-0.0573671291609447,0.0138889610037935,-0.0848898126585252,-0.0298444456633641,110.715225986296,0.0196969912387205,1.85786785913613e-09,0.0118767406414608,0.00851599209159669,"ok",""
"Shi et al (2025)",2698,114,-0.0589383313147757,0.0139936815967448,-0.0866686101322907,-0.0312080524972606,110.686831209895,0.0199651902954661,1.25228570483179e-09,0.0119469815224406,0.000442222663656206,"ok",""
"Srivisal et al (2021)",2705,114,-0.0594979356164666,0.0139684790885084,-0.0871782787811733,-0.0318175924517599,110.684531066195,0.0199010951831478,1.96775725276332e-09,0.0119002890308096,0.00376828677500514,"ok",""
"Sze et al (2021)",2695,114,-0.0590680378957061,0.0139908267778177,-0.086792659711541,-0.0313434160798712,110.686762937075,0.0199522811349466,2.18301893013654e-09,0.0119520753513624,0.00092313942489302,"ok",""
"Tan et al (2021)",2707,114,-0.0584361167132447,0.0139952954834766,-0.086169579217391,-0.0307026542090983,110.692045603277,0.0199860646933417,1.85765577006382e-09,0.0119055077677188,0.000230717491776575,"ok",""
"Tan et al (2026)",2688,114,-0.0590127371997669,0.0139805609891637,-0.0867170385906436,-0.0313084358088903,110.678609112315,0.0199119597017353,1.95203638093614e-09,0.0120041243584512,0.000696699181588392,"ok",""
"Tang et al (2023)",2700,114,-0.0580936362130406,0.0139784490134065,-0.0857937316717697,-0.0303935407543115,110.686121382021,0.0199322727953507,2.99795758536418e-09,0.0119133506505599,0.00159107140523487,"ok",""
"Temiz (2022)",2700,114,-0.0587361791802741,0.0139986656412049,-0.0864763278191563,-0.0309960305413919,110.689251644647,0.0199812464323425,1.78663142057562e-09,0.0119399075430355,4.16073705777894e-05,"ok",""
"Trinh et al (2024)",2609,114,-0.0588520293951049,0.0138952059051517,-0.086387370925357,-0.0313166878648527,110.612328525897,0.0196040029750149,3.03798374818049e-09,0.0123470155603285,0.000219194222561843,"ok",""
"Truong, Kim (2019)",2703,114,-0.0588296594510848,0.0139984575300773,-0.0865693937959243,-0.0310899251062453,110.689935984848,0.0199860303004811,2.86161875685924e-09,0.0119264415549791,0.000174027389588948,"ok",""
"Wang & Wijethilake (2026)",2705,114,-0.0589577480348413,0.0139970956607788,-0.0866947465243235,-0.031220749545359,110.703348959707,0.0200072406391246,1.66395830900964e-09,0.0118677932985692,0.000503076945886623,"ok",""
"Wang et al (2020)",2695,114,-0.0581822423631438,0.0139949773365516,-0.0859150583716345,-0.0304494263546531,110.697842049268,0.019991892643212,1.69093767041765e-09,0.0118617314122537,0.00112212802487417,"ok",""
"Wang et al (2022a)",2712,114,-0.0587962100719883,0.0139584032747946,-0.0864562906972515,-0.0311361294467252,110.79182168761,0.0199327917468317,2.45572362639692e-09,0.0118832618134156,0.00011620101363495,"ok",""
"Wang et al (2025a)",2689,114,-0.0586546952377969,0.0139938967294343,-0.0863854032462137,-0.0309239872293801,110.6857917722,0.019960418933926,2.49930057056492e-09,0.0119663864118244,3.29426178543376e-07,"ok",""
"Wang et al (2025b)",2697,114,-0.0575194068619178,0.0139235495647589,-0.0851107583957999,-0.0299280553280358,110.669281262295,0.0197620478587772,2.89198333958615e-09,0.0119250267226379,0.00660972917147082,"ok",""
"Wu et al (2020)",2701,114,-0.0583865282846,0.0139832438909156,-0.0860961144988237,-0.0306769420703764,110.690065548064,0.0199543308486154,2.20127777746754e-09,0.0119230333611058,0.000352147091714847,"ok",""
"Xiang & Gong (2026)",2701,114,-0.0582701390718196,0.0139993869805431,-0.0860117028486409,-0.0305285752949983,110.694410925682,0.0199897433484236,1.60827307560874e-09,0.0118966369046579,0.000737626793852535,"ok",""
"Yang et al (2024)",2689,114,-0.0587705148522917,0.0139859474777715,-0.0864854868506768,-0.0310555428539066,110.679845210543,0.0199322112317875,2.64561881839001e-09,0.0119957313349429,7.96838578278675e-05,"ok",""
"Yilmaz (2022)",2709,114,-0.0594337689122447,0.0139924700890279,-0.0871615954947836,-0.0317059423297057,110.705429245792,0.0199942984363301,2.05476327498898e-09,0.0118105966350235,0.00322156460523028,"ok",""
"Zhang et al (2023)",2593,114,-0.0589378628187673,0.0138563885159904,-0.0863963602768088,-0.0314793653607259,110.583868689896,0.0194670813320189,1.74470728567191e-09,0.012483496683754,0.000440802794811078,"ok",""
"Zheng (2021)",2705,114,-0.0586603768376151,0.0140012832121305,-0.0864057050991201,-0.03091504857611,110.69193384423,0.019996833081792,1.73893187177345e-09,0.0119161162562227,9.67664834641753e-07,"ok",""
"Zhou et al (2018)",2691,114,-0.0595935424346113,0.0139458514697297,-0.0872290860285016,-0.0319579988407209,110.670045329981,0.0198187318997435,1.85586171642442e-09,0.0119627462655733,0.00466233603753749,"ok",""
"Zhou et al (2024)",2681,114,-0.0590141099666015,0.013976109194069,-0.0867095978602473,-0.0313186220729556,110.675602793306,0.0198946966247807,1.98583821625447e-09,0.0120236830631657,0.000701935234006305,"ok",""
"Zhu, Zhao (2022)",2685,114,-0.0590190915144912,0.0139769035705426,-0.0867161524852891,-0.0313220305436933,110.675994615395,0.0198989115851182,1.96343922117974e-09,0.0120172421025963,0.000721100650029325,"ok",""
