"analysis_id","spec","subset","term","metric","estimator","rho","k_es","k_study","k_cluster","est_z","se_z","t_stat","df","p","ci_lb_z","ci_ub_z","pi_lb_z","pi_ub_z","est_r","ci_lb_r","ci_ub_r","pi_lb_r","pi_ub_r","sigma2_cluster","sigma2_study","sigma2_esid","pct_cluster","pct_study","pct_esid","pct_sampling","typical_v","value","ms_input","ms_label","note"
"G1","no_starbound","estimation","intrcpt",NA,TRUE,NA,2614,112,111,-0.0579816151336022,0.0145220684020619,NA,108.653452602814,0.000119062968834854,-0.0867649129672002,-0.0291983173000043,NA,NA,-0.0579167268842443,-0.0865478401763457,-0.0291900225339678,NA,NA,NA,NA,NA,NA,NA,NA,NA,NA,NA,NA,NA,"drop es_method==star-bound (99 ES / 11 studies)"
"G2","no_nobs_proxyfill","estimation","intrcpt",NA,TRUE,NA,2417,109,109,-0.0381676201344568,0.00473707027583679,NA,95.8692747571903,2.16615475585497e-12,-0.0475707939487125,-0.0287644463202012,NA,NA,-0.0381490971484755,-0.0475349424754777,-0.0287565157741174,NA,NA,NA,NA,NA,NA,NA,NA,NA,NA,NA,NA,NA,"drop flag_proxy_n==TRUE (296 rows; 297 on the usable basis incl. 134 FLAG-based, one tagged duplicate exits at the estimation filter; R-19)"
"G3","n_firms_variance","estimation","intrcpt",NA,TRUE,NA,2713,115,114,-0.0513619041756673,0.00996060543789951,NA,109.896608617746,1.12197143364988e-06,-0.0711016927457283,-0.0316221156056063,NA,NA,-0.0513167867754985,-0.0709821175082076,-0.0316115795552785,NA,NA,NA,NA,NA,NA,NA,NA,NA,NA,NA,NA,NA,"vi rebuilt on n_firms via adjustment recovery; 0 rows dropped (missing/invalid n_firms)"
"G4","direct_r_only","estimation","intrcpt",NA,TRUE,NA,104,52,52,-0.0377767354308514,0.0241007691042215,NA,49.5034247914075,0.123380402432223,-0.0861965889888257,0.010643118127123,NA,NA,-0.0377587755197785,-0.0859837455594983,0.010642716275511,NA,NA,NA,NA,NA,NA,NA,NA,NA,NA,NA,NA,NA,"es_method==bivariate; near-identical to G9 bivariate cell (delta 2 ES / 1 study)"
"G5","pcc_df_k10","estimation","intrcpt",NA,TRUE,NA,2713,115,114,-0.058528012690399,0.0138921466094887,NA,111.63275377109,5.12972954764919e-05,-0.0860545092965546,-0.0310015160842434,NA,NA,-0.0584612743471975,-0.0858427145694852,-0.0309915881105508,NA,NA,NA,NA,NA,NA,NA,NA,NA,NA,NA,NA,NA,"PCC vi = 1/(n-10-3); bivariate rows unchanged; 0 rows dropped (nonpositive vi)"
"G5","pcc_df_k20","estimation","intrcpt",NA,TRUE,NA,2712,115,114,-0.0580057174134896,0.0139361764210233,NA,111.573950510187,6.22505218504062e-05,-0.0856196160328687,-0.0303918187941105,NA,NA,-0.0579407482831787,-0.0854110099325662,-0.0303824649873754,NA,NA,NA,NA,NA,NA,NA,NA,NA,NA,NA,NA,NA,"PCC vi = 1/(n-20-3); bivariate rows unchanged; 1 rows dropped (nonpositive vi)"
"G6","one_per_cluster_median","aggregate","intrcpt",NA,TRUE,NA,NA,NA,NA,-0.06199137628065,0.0160772424450326,NA,113,0.0001921248649832,-0.0938432932462963,-0.0301394593150036,NA,NA,-0.0619120886354912,-0.0935687812292509,-0.0301303365320417,NA,NA,NA,NA,NA,NA,NA,NA,NA,NA,NA,NA,NA,"114 cluster medians; vi of median-carrying row (even: mean of two middle); k=114"
"G7","panel_q_vhb","1_VHB high","cell_mean",NA,TRUE,NA,1591,73,73,-0.0600160510644849,0.0204202932084405,NA,71.5587822878493,0.00442932434179183,-0.100727450186185,-0.0193046519427849,NA,NA,-0.0599440969328095,-0.100388166190574,-0.0193022542146552,NA,NA,NA,NA,NA,NA,NA,NA,NA,NA,NA,NA,NA,"NCE cell retained per D31.4; text feature = high vs low; publication-status inference single-homed in D5"
"G7","panel_q_vhb","0_VHB low","cell_mean",NA,TRUE,NA,442,28,27,-0.0561966323154083,0.0151218513947225,NA,25.3127475714484,0.00100747564695395,-0.0873211685771063,-0.0250720960537103,NA,NA,-0.0561375494758411,-0.0870999025029524,-0.0250668438509034,NA,NA,NA,NA,NA,NA,NA,NA,NA,NA,NA,NA,NA,"NCE cell retained per D31.4; text feature = high vs low; publication-status inference single-homed in D5"
"G7","panel_q_vhb","99_NCE","cell_mean",NA,TRUE,NA,680,14,14,-0.0565581639963162,0.0218940985892439,NA,12.9880103312741,0.0227293848278272,-0.103861927270336,-0.0092544007222965,NA,NA,-0.0564979344870699,-0.103490068475087,-0.00925413653692254,NA,NA,NA,NA,NA,NA,NA,NA,NA,NA,NA,NA,NA,"NCE cell retained per D31.4; text feature = high vs low; publication-status inference single-homed in D5"
"G7","panel_q_vhb","panel","HTZ_omnibus",NA,TRUE,NA,2713,115,114,NA,NA,NA,34.7475364271227,0.988330176120489,NA,NA,NA,NA,NA,NA,NA,NA,NA,NA,NA,NA,NA,NA,NA,NA,NA,NA,NA,NA,"F=0.0117, df_num=2.0; descriptive [DEC-047]"
"G7","panel_q_vhb","1_VHB high vs 0_VHB low","pairwise_contrast",NA,TRUE,NA,NA,NA,NA,-0.00381941874907657,0.025409816298485,NA,43.6007430079486,0.881211123260662,NA,NA,NA,NA,NA,NA,NA,NA,NA,NA,NA,NA,NA,NA,NA,NA,NA,NA,NA,NA,"CR2/Satterthwaite (HTZ 1-df); z-scale only; descriptive [DEC-047]"
"G7","panel_q_vhb","1_VHB high vs 99_NCE","pairwise_contrast",NA,TRUE,NA,NA,NA,NA,-0.00345788706816872,0.029938936650359,NA,18.6135564414487,0.909287323154821,NA,NA,NA,NA,NA,NA,NA,NA,NA,NA,NA,NA,NA,NA,NA,NA,NA,NA,NA,NA,"CR2/Satterthwaite (HTZ 1-df); z-scale only; descriptive [DEC-047]"
"G7","panel_q_vhb","0_VHB low vs 99_NCE","pairwise_contrast",NA,TRUE,NA,NA,NA,NA,0.000361531680907849,0.026608681715553,NA,27.9590925692482,0.989255981506258,NA,NA,NA,NA,NA,NA,NA,NA,NA,NA,NA,NA,NA,NA,NA,NA,NA,NA,NA,NA,"CR2/Satterthwaite (HTZ 1-df); z-scale only; descriptive [DEC-047]"
"G8","panel_field","1_fin/acc/econ","cell_mean",NA,TRUE,NA,1852,67,67,-0.0455896973469383,0.00768400403894729,NA,64.8922710899653,1.26779497392366e-07,-0.0609361960829122,-0.0302431986109645,NA,NA,-0.0455581387295945,-0.0608608847727211,-0.0302339813252784,NA,NA,NA,NA,NA,NA,NA,NA,NA,NA,NA,NA,NA,""
"G8","panel_field","2_sust","cell_mean",NA,TRUE,NA,571,32,32,-0.0899033249713821,0.0469900424649671,NA,30.6056339516052,0.0651122107860247,-0.185790224932343,0.00598357498957923,NA,NA,-0.089661887745204,-0.183681631133258,0.00598350358028507,NA,NA,NA,NA,NA,NA,NA,NA,NA,NA,NA,NA,NA,""
"G8","panel_field","3_mgmt","cell_mean",NA,TRUE,NA,290,16,16,-0.0521609720777986,0.0132357174932103,NA,13.4693077037424,0.00158453481820453,-0.0806540542969805,-0.0236678898586168,NA,NA,-0.0521137175539057,-0.0804796212326995,-0.0236634715091433,NA,NA,NA,NA,NA,NA,NA,NA,NA,NA,NA,NA,NA,""
"G8","panel_field","panel","HTZ_omnibus",NA,TRUE,NA,2713,115,114,NA,NA,NA,33.5395490409418,0.617243923597484,NA,NA,NA,NA,NA,NA,NA,NA,NA,NA,NA,NA,NA,NA,NA,NA,NA,NA,NA,NA,"F=0.4895, df_num=2.0; descriptive [DEC-047]"
"G8","panel_field","1_fin/acc/econ vs 2_sust","pairwise_contrast",NA,TRUE,NA,NA,NA,NA,0.0443136276244438,0.0476141576522148,NA,58.8178418498058,0.355822502437559,NA,NA,NA,NA,NA,NA,NA,NA,NA,NA,NA,NA,NA,NA,NA,NA,NA,NA,NA,NA,"CR2/Satterthwaite (HTZ 1-df); z-scale only; descriptive [DEC-047]"
"G8","panel_field","1_fin/acc/econ vs 3_mgmt","pairwise_contrast",NA,TRUE,NA,NA,NA,NA,0.00657127473086028,0.0148046553379136,NA,16.0096993014333,0.663080454476772,NA,NA,NA,NA,NA,NA,NA,NA,NA,NA,NA,NA,NA,NA,NA,NA,NA,NA,NA,NA,"CR2/Satterthwaite (HTZ 1-df); z-scale only; descriptive [DEC-047]"
"G8","panel_field","2_sust vs 3_mgmt","pairwise_contrast",NA,TRUE,NA,NA,NA,NA,-0.0377423528935835,0.0488185242343466,NA,27.7404185406412,0.445992229140249,NA,NA,NA,NA,NA,NA,NA,NA,NA,NA,NA,NA,NA,NA,NA,NA,NA,NA,NA,NA,"CR2/Satterthwaite (HTZ 1-df); z-scale only; descriptive [DEC-047]"
"G9","panel_es_measure","partial","cell_mean",NA,TRUE,NA,2607,114,113,-0.062212217606833,0.0140720037358924,NA,111.422887400499,2.2933588976173e-05,-0.0900956662660865,-0.0343287689475796,NA,NA,-0.0621320804418342,-0.0898526794666772,-0.0343152902241133,NA,NA,NA,NA,NA,NA,NA,NA,NA,NA,NA,NA,NA,"featured axis (van Aert partial vs bivariate)"
"G9","panel_es_measure","bivariate","cell_mean",NA,TRUE,NA,106,53,53,-0.0259059366926458,0.0300006487456178,NA,80.9803552763708,0.390406097945211,-0.0855980367107051,0.0337861633254135,NA,NA,-0.0259001429383179,-0.0853895879929546,0.033773313503069,NA,NA,NA,NA,NA,NA,NA,NA,NA,NA,NA,NA,NA,"featured axis (van Aert partial vs bivariate)"
"G9","panel_es_measure","panel","HTZ_omnibus",NA,TRUE,NA,2713,115,114,NA,NA,NA,36.8971538752436,0.218051814404661,NA,NA,NA,NA,NA,NA,NA,NA,NA,NA,NA,NA,NA,NA,NA,NA,NA,NA,NA,NA,"F=1.5703, df_num=1.0; descriptive [DEC-047]"
"G9","panel_es_measure","partial vs bivariate","pairwise_contrast",NA,TRUE,NA,NA,NA,NA,-0.0363062809141872,0.0289731255762102,NA,36.8971538752436,0.218051814404661,NA,NA,NA,NA,NA,NA,NA,NA,NA,NA,NA,NA,NA,NA,NA,NA,NA,NA,NA,NA,"CR2/Satterthwaite (HTZ 1-df); z-scale only; descriptive [DEC-047]"
"G10","panel_es_method","computed","cell_mean",NA,TRUE,NA,2300,105,104,-0.0579749107953942,0.012149058257744,NA,110.433636687183,5.62515949951694e-06,-0.0820504413543003,-0.0338993802364882,NA,NA,-0.0579100450321204,-0.0818668071391831,-0.0338864008418828,NA,NA,NA,NA,NA,NA,NA,NA,NA,NA,NA,NA,NA,"main-effect-only per Annex C (method artifact)"
"G10","panel_es_method","bivariate","cell_mean",NA,TRUE,NA,104,52,52,-0.0219972831036286,0.0300300757923749,NA,79.9035323417947,0.466001647545973,-0.0817601461167154,0.0377655799094582,NA,NA,-0.021993735771703,-0.0815784506659757,0.0377476358984007,NA,NA,NA,NA,NA,NA,NA,NA,NA,NA,NA,NA,NA,"main-effect-only per Annex C (method artifact)"
"G10","panel_es_method","star-bound","cell_mean",NA,TRUE,NA,99,11,11,-0.0569614554343989,0.0345580027109948,NA,7.87231627815642,0.138519023774995,-0.136877896944538,0.02295498607574,NA,NA,-0.0568999294308848,-0.136029427044385,0.0229509550244987,NA,NA,NA,NA,NA,NA,NA,NA,NA,NA,NA,NA,NA,"main-effect-only per Annex C (method artifact)"
"G10","panel_es_method","v10-adopted","cell_mean",NA,TRUE,NA,210,29,29,-0.0953523169930491,0.0477616099718067,NA,51.2825401706644,0.0512099652286971,-0.191224925046965,0.000520291060866832,NA,NA,-0.0950643809866135,-0.18892768167507,0.000520291013918756,NA,NA,NA,NA,NA,NA,NA,NA,NA,NA,NA,NA,NA,"main-effect-only per Annex C (method artifact)"
"G10","panel_es_method","panel","HTZ_omnibus",NA,TRUE,NA,2713,115,114,NA,NA,NA,11.0498088101219,0.565437479198861,NA,NA,NA,NA,NA,NA,NA,NA,NA,NA,NA,NA,NA,NA,NA,NA,NA,NA,NA,NA,"F=0.7109, df_num=3.0; descriptive [DEC-047]"
"G10","panel_es_method","computed vs bivariate","pairwise_contrast",NA,TRUE,NA,NA,NA,NA,-0.0359776276917656,0.0299345870538923,NA,37.2037767807158,0.237006743631227,NA,NA,NA,NA,NA,NA,NA,NA,NA,NA,NA,NA,NA,NA,NA,NA,NA,NA,NA,NA,"CR2/Satterthwaite (HTZ 1-df); z-scale only; descriptive [DEC-047]"
"G10","panel_es_method","computed vs star-bound","pairwise_contrast",NA,TRUE,NA,NA,NA,NA,-0.00101345536099532,0.0343686180016678,NA,3.12249984573078,0.978259741494798,NA,NA,NA,NA,NA,NA,NA,NA,NA,NA,NA,NA,NA,NA,NA,NA,NA,NA,NA,NA,"CR2/Satterthwaite (HTZ 1-df); z-scale only; descriptive [DEC-047]"
"G10","panel_es_method","computed vs v10-adopted","pairwise_contrast",NA,TRUE,NA,NA,NA,NA,0.0373774061976548,0.0439980559512927,NA,14.9739917164311,0.408967203575114,NA,NA,NA,NA,NA,NA,NA,NA,NA,NA,NA,NA,NA,NA,NA,NA,NA,NA,NA,NA,"CR2/Satterthwaite (HTZ 1-df); z-scale only; descriptive [DEC-047]"
"G10","panel_es_method","bivariate vs star-bound","pairwise_contrast",NA,TRUE,NA,NA,NA,NA,0.0349641723307703,0.0414753148466893,NA,6.18830603686168,0.4305945747785,NA,NA,NA,NA,NA,NA,NA,NA,NA,NA,NA,NA,NA,NA,NA,NA,NA,NA,NA,NA,"CR2/Satterthwaite (HTZ 1-df); z-scale only; descriptive [DEC-047]"
"G10","panel_es_method","bivariate vs v10-adopted","pairwise_contrast",NA,TRUE,NA,NA,NA,NA,0.0733550338894204,0.0496886118819856,NA,31.6676326538473,0.149740378117607,NA,NA,NA,NA,NA,NA,NA,NA,NA,NA,NA,NA,NA,NA,NA,NA,NA,NA,NA,NA,"CR2/Satterthwaite (HTZ 1-df); z-scale only; descriptive [DEC-047]"
"G10","panel_es_method","star-bound vs v10-adopted","pairwise_contrast",NA,TRUE,NA,NA,NA,NA,0.0383908615586501,0.0544417691197919,NA,5.88291167568099,0.507646886109138,NA,NA,NA,NA,NA,NA,NA,NA,NA,NA,NA,NA,NA,NA,NA,NA,NA,NA,NA,NA,"CR2/Satterthwaite (HTZ 1-df); z-scale only; descriptive [DEC-047]"
