analysis_id,spec,subset,term,metric,estimator,rho,k_es,k_study,k_cluster,est_z,se_z,t_stat,df,p,ci_lb_z,ci_ub_z,pi_lb_z,pi_ub_z,est_r,ci_lb_r,ci_ub_r,pi_lb_r,pi_ub_r,sigma2_cluster,sigma2_study,sigma2_esid,pct_cluster,pct_study,pct_esid,pct_sampling,typical_v,value,ms_input,ms_label,note
E1,tost_pooled,defined,pooled_mean,Fisher_z,3LMA-RVE_CR2,0.6,2713,115,114,-0.058646736610097984,0.013856549617298977,-4.232419919088764,111.67179502927146,4.761983548461841e-5,-0.08610259463879782,-0.031190878581398136,,,-0.05857959167994344,-0.08589044537514602,-0.031180767616603433,,,0.01974554866611232,1.020921287495431e-9,0.011883179286547231,,,,,,,FALSE,,"rma.mv mods=~ 1; random ~1|cluster_id/study/esid; V blocks within cluster_id, rho=0.6; CR2/Satterthwaite on cluster_id [D31.1/A.2]; domain estimation set 2713/115/114 [DEC-042a]; TH-a refit of T1/A1; verifier identity vs committed output/T1_results.csv at 1e-6 [F65]; 95% CI on this row (TOST rows carry 90%)"
E1,tost_pooled,defined,tost_band_0.070,Fisher_z,3LMA-RVE_CR2,0.6,2713,115,114,-0.058646736610097984,0.013856549617298977,,111.67179502927146,0.2048259107018675,-0.08162939391744356,-0.03566407930275241,,,,,,,,0.01974554866611232,1.020921287495431e-9,0.011883179286547231,,,,,,0,TRUE,e1_tost_primary,"TOST, two one-sided tests each alpha=.05 <=> 90% CI inside band [DEC-045 E-pins]; PRIMARY level band |r| = 0.070 (F27v2) -> z band atanh = 0.070114671; arm p (lower/upper) = 0.204826 / 7.26341e-16; TOST p = max(arms); CI columns carry the 90% CI (TOST convention); value = 1{90%-CI inside band} (mechanical flag, no verdict language); ex-ante expectation [DEC-044/DEC-045]: this arm is expected to FAIL (T1 CI edge -0.086); E2 adjudicates Tier 1; E1 calibrates the Tier-2 wording only"
E1,tost_pooled,defined,tost_band_0.050,Fisher_z,3LMA-RVE_CR2,0.6,2713,115,114,-0.058646736610097984,0.013856549617298977,,111.67179502927146,0.7320695772787977,-0.08162939391744356,-0.03566407930275241,,,,,,,,0.01974554866611232,1.020921287495431e-9,0.011883179286547231,,,,,,0,FALSE,,"TOST, two one-sided tests each alpha=.05 <=> 90% CI inside band [DEC-045 E-pins]; SECONDARY level band |r| = 0.05 -> z band atanh = 0.050041729; arm p (lower/upper) = 0.73207 / 1.41843e-12; TOST p = max(arms); CI columns carry the 90% CI (TOST convention); value = 1{90%-CI inside band} (mechanical flag, no verdict language)"
E2,tost_paris,defined,cell_pre,Fisher_z,3LMA-RVE_CR2,0.6,1994,83,82,-0.06159915651899553,0.018046114453268414,-3.4134304466765157,68.59711290712623,0.0010804696442775533,-0.09760394234844082,-0.02559437068955024,,,-0.06152136282602518,-0.097295176600782,-0.025588783436646806,,,0.02046660388942583,1.8647279485494323e-9,0.011878550872389043,,,,,,,FALSE,,"rma.mv mods=~ 0 + pp_cell (cell-means; estimand identical to ~ pp_mid_lag0); random ~1|cluster_id/study/esid; V blocks within cluster_id, rho=0.6; CR2/Satterthwaite on cluster_id [D31.1/A.2]; domain period domain 2705/113/112 [DEC-042b]; cell mean at coding = 0 (pre)"
E2,tost_paris,defined,cell_post,Fisher_z,3LMA-RVE_CR2,0.6,711,31,31,-0.05142324980859296,0.010329352365435656,-4.978361468301417,19.75671510231428,7.475295196886233e-5,-0.0729869232775503,-0.02985957633963563,,,-0.05137797066737374,-0.07285759618547344,-0.02985070529402487,,,0.02046660388942583,1.8647279485494323e-9,0.011878550872389043,,,,,,,FALSE,,"rma.mv mods=~ 0 + pp_cell (cell-means; estimand identical to ~ pp_mid_lag0); random ~1|cluster_id/study/esid; V blocks within cluster_id, rho=0.6; CR2/Satterthwaite on cluster_id [D31.1/A.2]; domain period domain 2705/113/112 [DEC-042b]; cell mean at coding = 1 (post)"
E2,tost_paris,defined,diff,Fisher_z,3LMA-RVE_CR2,0.6,2705,113,112,0.010175906710402569,0.018107282421257465,0.5619786820387982,14.992066372892525,0.5824357256305164,-0.028420631114490134,0.04877244453529527,,,,,,,,0.02046660388942583,1.8647279485494323e-9,0.011878550872389043,,,,,,,FALSE,,"rma.mv mods=~ 0 + pp_cell (cell-means; estimand identical to ~ pp_mid_lag0); random ~1|cluster_id/study/esid; V blocks within cluster_id, rho=0.6; CR2/Satterthwaite on cluster_id [D31.1/A.2]; domain period domain 2705/113/112 [DEC-042b]; post-minus-pre contrast (-1, +1); cell-means parameterization [DEC-031e/A.11]; difference of Fisher-z means; no tanh transform of differences; TH-a refit of T2/B1 paris_mid; verifier identity vs committed output/T2_results.csv at 1e-6 [F65]"
E2,tost_paris,defined,tost_band_0.050,Fisher_z,3LMA-RVE_CR2,0.6,2705,113,112,0.010175906710402569,0.018107282421257465,,14.992066372892525,0.021979849697704272,-0.021568174295886505,0.04191998771669164,,,,,,,,0.02046660388942583,1.8647279485494323e-9,0.011878550872389043,,,,,,1,TRUE,e2_tost_contrast,"TOST, two one-sided tests each alpha=.05 <=> 90% CI inside band [DEC-045 E-pins]; contrast band |dr| = 0.05 (secondary SESOI = the contrast band [DEC-031 Block E]); applied on the z-difference directly; |dz| read as |dr| (third-order approx, T8/B8 convention); arm p (lower/upper) = 0.00231753 / 0.0219798; TOST p = max(arms); CI columns carry the 90% CI (TOST convention); value = 1{90%-CI inside band} (mechanical flag, no verdict language); E2 adjudicates Tier 1 (the Paris null) [DEC-045 E-pins]; dose transfer NOT triggered (design df 31.9 [DEC-024/A.3])"
E3,gate,defined,config_e2_requirement,count,descriptive,,,,,,,,,,,,,,,,,,,,,,,,,,,,FALSE,,Tier-1 evidence-of-absence wording REQUIRES an E2 PASS; E2 FAIL -> no Tier-1 EoA regardless of BF [DEC-045 ladder / H-Q21]
E3,gate,defined,config_bf_ladder,count,descriptive,,,,,,,,,,,,,,,,,,,,,,,,,,,,FALSE,,"with H2b: BF01 >= 3 full EoA; 1 < BF01 < 3 equivalence-based, BF disclosed as directionally supportive, not strong; BF01 <= 1 conflict disclosure, conservative wording; without RoBMA.reg: pre-registered configuration E2 + level BF (H2a) [DEC-045; Jeffreys/Lee-Wagenmakers bands pinned]"
E3,gate,defined,status,count,descriptive,,,,,,,,,,,,,,,,,,,,,,,,,,,,FALSE,,"resolution deferred: documented post-run step after TH-b (N3), never an automatic rewrite [DEC-044/DEC-045]; ex-ante expectation carried on the E1 primary-band row"
H4,break_2008,defined,break,Fisher_z,3LMA-RVE_CR2,0.6,2705,113,112,-0.024026675945219275,0.01762430032362528,-1.3632697754821874,14.942100591561632,0.192987644808958,-0.0616046648927065,0.013551313002267952,,,,,,,,0.020430519174425944,2.8698896597426877e-9,0.011877720214562038,,,,,,,FALSE,,"rma.mv mods=~ 0 + pp_cell (break 2008, cell-means); random ~1|cluster_id/study/esid; V blocks within cluster_id, rho=0.6; CR2/Satterthwaite on cluster_id [D31.1/A.2]; domain period domain 2705/113/112; post cell: 2367 ES / 100 studies / 99 clusters; rule: share_2008 >= 0.5, ties to Post [F60/DEC-024]; candidate year of the sup-break grid [DEC-045/H-Q6]; difference of Fisher-z means"
H4,break_2009,defined,break,Fisher_z,3LMA-RVE_CR2,0.6,2705,113,112,-0.039526755272941624,0.018622443917549563,-2.1225331888738888,6.281654261690032,0.07594886167179869,-0.08460352488799663,0.005550014342113392,,,,,,,,0.020411455812636436,2.346932896748372e-9,0.011872655090743136,,,,,,,FALSE,,"rma.mv mods=~ 0 + pp_cell (break 2009, cell-means); random ~1|cluster_id/study/esid; V blocks within cluster_id, rho=0.6; CR2/Satterthwaite on cluster_id [D31.1/A.2]; domain period domain 2705/113/112; post cell: 2345 ES / 99 studies / 98 clusters; rule: share_2009 >= 0.5, ties to Post [F60/DEC-024]; candidate year of the sup-break grid [DEC-045/H-Q6]; difference of Fisher-z means"
H4,break_2010,defined,break,Fisher_z,3LMA-RVE_CR2,0.6,2705,113,112,-0.0365343906347448,0.019295161716018396,-1.8934482733261984,6.780476453430226,0.10152292889732802,-0.08246136241699209,0.009392581147502486,,,,,,,,0.0204386175911189,3.0723396075773603e-9,0.01187327580884833,,,,,,,FALSE,,"rma.mv mods=~ 0 + pp_cell (break 2010, cell-means); random ~1|cluster_id/study/esid; V blocks within cluster_id, rho=0.6; CR2/Satterthwaite on cluster_id [D31.1/A.2]; domain period domain 2705/113/112; post cell: 2326 ES / 98 studies / 97 clusters; rule: share_2010 >= 0.5, ties to Post [F60/DEC-024]; candidate year of the sup-break grid [DEC-045/H-Q6]; difference of Fisher-z means"
H4,break_2011,defined,break,Fisher_z,3LMA-RVE_CR2,0.6,2705,113,112,-0.03333083549226053,0.018895156015201354,-1.7639883716993665,9.564408944530754,0.10957911179779324,-0.07569322105063475,0.00903155006611369,,,,,,,,0.020445599952816817,2.6142793390159745e-9,0.01187302673434027,,,,,,,FALSE,,"rma.mv mods=~ 0 + pp_cell (break 2011, cell-means); random ~1|cluster_id/study/esid; V blocks within cluster_id, rho=0.6; CR2/Satterthwaite on cluster_id [D31.1/A.2]; domain period domain 2705/113/112; post cell: 2077 ES / 93 studies / 92 clusters; rule: share_2011 >= 0.5, ties to Post [F60/DEC-024]; candidate year of the sup-break grid [DEC-045/H-Q6]; difference of Fisher-z means"
H4,break_2012,defined,break,Fisher_z,3LMA-RVE_CR2,0.6,2705,113,112,-9.464343333915673e-4,0.017128674782848123,-0.05525438163723464,11.66040456076984,0.9568712446919565,-0.038387515772002605,0.03649464710521947,,,,,,,,0.020420649695825563,2.1839895753133847e-9,0.011880304100180233,,,,,,,FALSE,,"rma.mv mods=~ 0 + pp_cell (break 2012, cell-means); random ~1|cluster_id/study/esid; V blocks within cluster_id, rho=0.6; CR2/Satterthwaite on cluster_id [D31.1/A.2]; domain period domain 2705/113/112; post cell: 1769 ES / 82 studies / 81 clusters; rule: share_2012 >= 0.5, ties to Post [F60/DEC-024]; candidate year of the sup-break grid [DEC-045/H-Q6]; difference of Fisher-z means"
H4,break_2013,defined,break,Fisher_z,3LMA-RVE_CR2,0.6,2705,113,112,0.02595430462049495,0.02156061670295186,1.2037830354333765,14.282389719189824,0.24824615664966043,-0.02020298883336693,0.07211159807435683,,,,,,,,0.020221383066896192,2.9251783137237836e-9,0.01187930770812557,,,,,,,FALSE,,"rma.mv mods=~ 0 + pp_cell (break 2013, cell-means); random ~1|cluster_id/study/esid; V blocks within cluster_id, rho=0.6; CR2/Satterthwaite on cluster_id [D31.1/A.2]; domain period domain 2705/113/112; post cell: 1486 ES / 69 studies / 69 clusters; rule: share_2013 >= 0.5, ties to Post [F60/DEC-024]; candidate year of the sup-break grid [DEC-045/H-Q6]; difference of Fisher-z means"
H4,break_2014,defined,break,Fisher_z,3LMA-RVE_CR2,0.6,2705,113,112,0.023149445503747763,0.022786092630107502,1.015946256321286,22.56594875477417,0.3204246551935086,-0.024037398216614117,0.07033628922410964,,,,,,,,0.02038797379705443,2.3881268642365802e-9,0.011877072971681042,,,,,,,FALSE,,"rma.mv mods=~ 0 + pp_cell (break 2014, cell-means); random ~1|cluster_id/study/esid; V blocks within cluster_id, rho=0.6; CR2/Satterthwaite on cluster_id [D31.1/A.2]; domain period domain 2705/113/112; post cell: 1269 ES / 55 studies / 55 clusters; rule: share_2014 >= 0.5, ties to Post [F60/DEC-024]; candidate year of the sup-break grid [DEC-045/H-Q6]; difference of Fisher-z means"
H4,break_2015,defined,break,Fisher_z,3LMA-RVE_CR2,0.6,2705,113,112,0.0023798646378053873,0.020323441262579334,0.1170994915210215,18.16608748110737,0.9080661518633558,-0.040290136303321414,0.04504986557893219,,,,,,,,0.0204560372251228,1.8919627086867664e-9,0.011879430637835973,,,,,,,FALSE,,"rma.mv mods=~ 0 + pp_cell (break 2015, cell-means); random ~1|cluster_id/study/esid; V blocks within cluster_id, rho=0.6; CR2/Satterthwaite on cluster_id [D31.1/A.2]; domain period domain 2705/113/112; post cell: 784 ES / 38 studies / 38 clusters; rule: share_2015 >= 0.5, ties to Post [F60/DEC-024]; candidate year of the sup-break grid [DEC-045/H-Q6]; difference of Fisher-z means"
H4,break_2016,defined,break,Fisher_z,3LMA-RVE_CR2,0.6,2705,113,112,0.010175906710402569,0.018107282421257465,0.5619786820387982,14.992066372892525,0.5824357256305164,-0.028420631114490134,0.04877244453529527,,,,,,,,0.02046660388942583,1.8647279485494323e-9,0.011878550872389043,,,,,,,FALSE,,"rma.mv mods=~ 0 + pp_cell (break 2016, cell-means); random ~1|cluster_id/study/esid; V blocks within cluster_id, rho=0.6; CR2/Satterthwaite on cluster_id [D31.1/A.2]; domain period domain 2705/113/112; post cell: 711 ES / 31 studies / 31 clusters; rule: share_2016 >= 0.5, ties to Post [F60/DEC-024]; candidate year of the sup-break grid [DEC-045/H-Q6]; difference of Fisher-z means"
H4,break_2017,defined,break,Fisher_z,3LMA-RVE_CR2,0.6,2705,113,112,0.008034069380252327,0.018000132753410017,0.4463338959947571,10.852182830898839,0.6641307996934442,-0.0316498941585884,0.04771803291909305,,,,,,,,0.020455773230402697,2.7537702936680174e-9,0.011879083058615698,,,,,,,FALSE,,"rma.mv mods=~ 0 + pp_cell (break 2017, cell-means); random ~1|cluster_id/study/esid; V blocks within cluster_id, rho=0.6; CR2/Satterthwaite on cluster_id [D31.1/A.2]; domain period domain 2705/113/112; post cell: 623 ES / 23 studies / 23 clusters; rule: share_2017 >= 0.5, ties to Post [F60/DEC-024]; candidate year of the sup-break grid [DEC-045/H-Q6]; difference of Fisher-z means"
H4,break_2018,defined,break,Fisher_z,3LMA-RVE_CR2,0.6,2705,113,112,0.0031230425951205704,0.022238265745224407,0.1404355281522451,18.776144121163686,0.889811509138402,-0.04345977017361258,0.04970585536385372,,,,,,,,0.020509643478344754,2.0381967945784205e-9,0.011878094579735994,,,,,,,FALSE,,"rma.mv mods=~ 0 + pp_cell (break 2018, cell-means); random ~1|cluster_id/study/esid; V blocks within cluster_id, rho=0.6; CR2/Satterthwaite on cluster_id [D31.1/A.2]; domain period domain 2705/113/112; post cell: 506 ES / 15 studies / 15 clusters; rule: share_2018 >= 0.5, ties to Post [F60/DEC-024]; candidate year of the sup-break grid [DEC-045/H-Q6]; difference of Fisher-z means"
H4,break_2019,defined,break,Fisher_z,3LMA-RVE_CR2,0.6,2705,113,112,0.004205666562196501,0.022784454357159773,0.18458491462074075,15.443904167078053,0.8559566679678614,-0.04423695412487851,0.052648287249271515,,,,,,,,0.020509232953031583,1.2185734250331026e-9,0.011878084737447406,,,,,,,FALSE,,"rma.mv mods=~ 0 + pp_cell (break 2019, cell-means); random ~1|cluster_id/study/esid; V blocks within cluster_id, rho=0.6; CR2/Satterthwaite on cluster_id [D31.1/A.2]; domain period domain 2705/113/112; post cell: 323 ES / 13 studies / 13 clusters; rule: share_2019 >= 0.5, ties to Post [F60/DEC-024]; candidate year of the sup-break grid [DEC-045/H-Q6]; difference of Fisher-z means"
H4,sup_break,defined,observed_sup,rank,3LMA-RVE_CR2,0.6,2705,113,112,,,,,,,,,,,,,,,,,,,,,,,2.1225331888738888,TRUE,h4_sup_observed,"sup |t| over the ADMISSIBLE candidate years (df >= 5 on the break coefficient [DEC-024 transfer rule / H-Q6]); attained at 2009; admissible set computed ONCE on the observed design and held fixed for the TH-c permutation [H-Q20]; |t| by year: 2008=1.3633(df 14.9), 2009=2.1225(df 6.3), 2010=1.8934(df 6.8), 2011=1.7640(df 9.6), 2012=0.0553(df 11.7), 2013=1.2038(df 14.3), 2014=1.0159(df 22.6), 2015=0.1171(df 18.2), 2016=0.5620(df 15.0), 2017=0.4463(df 10.9), 2018=0.1404(df 18.8), 2019=0.1846(df 15.4); p_perm from TH-c"
H6,zarea_transplant,defined,cell_pre,Fisher_z,3LMA-RVE_CR2,0.6,1994,83,82,-0.06182211505958436,0.018152135952201328,-3.4057763352134396,69.83689409639747,0.0010975021691176478,-0.09802689526144144,-0.025617334857727284,,,-0.06174347444539828,-0.0977141084283258,-0.02561173255472224,,,0.02165932651109757,2.046174814484969e-9,0.012025015669658478,,,,,,,FALSE,,"rma.mv mods=~ 0 + pp_cell (midpoint rule, ties EXCLUDED); random ~1|cluster_id/study/esid; V blocks within cluster_id, rho=0.6; CR2/Satterthwaite on cluster_id [D31.1/A.2]; domain tie-excluded domain 2626/108/107 (79 tie ES / 5 studies / 5 clusters at sample_mid = 2015.5 removed [DEC-045/H-Q8]); cell mean at coding = 0 (pre)"
H6,zarea_transplant,defined,cell_post,Fisher_z,3LMA-RVE_CR2,0.6,632,26,26,-0.05123143992349858,0.011479553714096674,-4.462842476235583,15.370101019719904,4.3074666853445536e-4,-0.07564831396180943,-0.02681456588518772,,,-0.051186665219109515,-0.07550434013836263,-0.026808140988213824,,,0.02165932651109757,2.046174814484969e-9,0.012025015669658478,,,,,,,FALSE,,"rma.mv mods=~ 0 + pp_cell (midpoint rule, ties EXCLUDED); random ~1|cluster_id/study/esid; V blocks within cluster_id, rho=0.6; CR2/Satterthwaite on cluster_id [D31.1/A.2]; domain tie-excluded domain 2626/108/107 (79 tie ES / 5 studies / 5 clusters at sample_mid = 2015.5 removed [DEC-045/H-Q8]); cell mean at coding = 1 (post)"
H6,zarea_transplant,defined,diff,Fisher_z,3LMA-RVE_CR2,0.6,2626,108,107,0.010590675136085782,0.018297041614265985,0.5788189893948954,11.567171529442236,0.5738095554652798,-0.029441230416872827,0.05062258068904439,,,,,,,,0.02165932651109757,2.046174814484969e-9,0.012025015669658478,,,,,,,TRUE,h6_zarea_diff,"rma.mv mods=~ 0 + pp_cell (midpoint rule, ties EXCLUDED); random ~1|cluster_id/study/esid; V blocks within cluster_id, rho=0.6; CR2/Satterthwaite on cluster_id [D31.1/A.2]; domain tie-excluded domain 2626/108/107 (79 tie ES / 5 studies / 5 clusters at sample_mid = 2015.5 removed [DEC-045/H-Q8]); post-minus-pre contrast (-1, +1); cell-means parameterization [DEC-031e/A.11]; difference of Fisher-z means; no tanh transform of differences; under Zarea's Paris operationalization (midpoint + tie-exclusion), applied within our 3L-RVE framework [DEC-045 wording pin]; post cell 31 -> 26 studies under the tie-exclusion rule"
H7,cumulative,"Nandy, Lodh (2012)",step_001,Fisher_z,3LMA-RVE_CR2,0.6,6,1,1,,,,,,,,,,,,,,,,,,,,,,,,FALSE,,"cumulative 3L refit after adding study 'Nandy, Lodh (2012)' (median sample_mid = 1998.50); ordering: study-wise median sample_mid, ties alphabetical [DEC-045/H-Q17]; not_estimable: Cluster-robust variance estimation will not work when the data only includes a single cluster.; planned key retained (budget 177) [DEC-045; package-review robustness fix 2026-07-22 + runtime fix 2026-07-24]"
H7,cumulative,Chava (2010),step_002,Fisher_z,3LMA-RVE_CR2,0.6,56,2,2,-0.007201518516046857,0.01466231919870999,-0.49115821436219015,1.0054807659594565,0.7089958989193235,-0.19112123344454918,0.17671819641245545,,,-0.007201394023892939,-0.18882768924786417,0.17490129288322892,,,1.7930257787696937e-4,1.7930257792020136e-4,4.059362094822632e-4,,,,,,,FALSE,,"cumulative 3L refit after adding study 'Chava (2010)' (median sample_mid = 1999.00); ordering: study-wise median sample_mid, ties alphabetical [DEC-045/H-Q17]; display floor: point-only in the figure (clusters = 2 < 10) [DEC-045/H-Q17; presentational only, CI retained here]"
H7,cumulative,Schneider (2010),step_003,Fisher_z,3LMA-RVE_CR2,0.6,66,3,3,-0.018552883244814633,0.004955797167477834,-3.743672837655056,1.1791657767216757,0.13586355168119987,-0.06286090630094203,0.025755139811312763,,,-0.018550754845115994,-0.06277823880743444,0.025749446626730958,,,4.419812150934341e-12,4.419813883681528e-12,0.012751441510748796,,,,,,,FALSE,,"cumulative 3L refit after adding study 'Schneider (2010)' (median sample_mid = 1999.00); ordering: study-wise median sample_mid, ties alphabetical [DEC-045/H-Q17]; display floor: point-only in the figure (clusters = 3 < 10) [DEC-045/H-Q17; presentational only, CI retained here]"
H7,cumulative,Chava (2014),step_004,Fisher_z,3LMA-RVE_CR2,0.6,88,4,4,-0.01893275658505652,0.0031050350200708616,-6.09743737596378,1.4945754381770306,0.04940429723356417,-0.03770996516231088,-1.555480078021601e-4,,,-0.018930494765084006,-0.03769210027928758,-1.5554800654765595e-4,,,2.2799360282193722e-12,2.27993596620855e-12,0.008144255886123568,,,,,,,FALSE,,"cumulative 3L refit after adding study 'Chava (2014)' (median sample_mid = 1999.50); ordering: study-wise median sample_mid, ties alphabetical [DEC-045/H-Q17]; display floor: point-only in the figure (clusters = 4 < 10) [DEC-045/H-Q17; presentational only, CI retained here]"
H7,cumulative,Oikonomou et al (2014),step_005,Fisher_z,3LMA-RVE_CR2,0.6,93,5,5,-0.019043496695247054,0.002844239756849192,-6.695461115536605,1.8985222357083147,0.024628535906734646,-0.03192998784163045,-0.006157005548863658,,,-0.019041194957525903,-0.03191914113404442,-0.006156927748649066,,,1.8547569576188528e-12,1.8547563368268393e-12,0.007531435722318438,,,,,,,FALSE,,"cumulative 3L refit after adding study 'Oikonomou et al (2014)' (median sample_mid = 2000.00); ordering: study-wise median sample_mid, ties alphabetical [DEC-045/H-Q17]; display floor: point-only in the figure (clusters = 5 < 10) [DEC-045/H-Q17; presentational only, CI retained here]"
H7,cumulative,"Bauer, Hann (2010)",step_006,Fisher_z,3LMA-RVE_CR2,0.6,259,6,6,-0.014547588607204594,0.004138091042815275,-3.515531305784758,2.9654356805199904,0.03976382797647804,-0.027804105102879617,-0.001291072111529571,,,-0.01454656244736023,-0.02779694249402281,-0.0012910713941814654,,,3.5616040500407617e-12,3.561602996910391e-12,0.0019388750045097043,,,,,,,FALSE,,"cumulative 3L refit after adding study 'Bauer, Hann (2010)' (median sample_mid = 2000.50); ordering: study-wise median sample_mid, ties alphabetical [DEC-045/H-Q17]; display floor: point-only in the figure (clusters = 6 < 10) [DEC-045/H-Q17; presentational only, CI retained here]"
H7,cumulative,"Ge, Liu (2015)",step_007,Fisher_z,3LMA-RVE_CR2,0.6,263,7,7,-0.016967173083914808,0.004425363732608648,-3.834074238664458,3.510897003085492,0.02358439273465616,-0.029959355848759806,-0.003974990319069812,,,-0.016965545073391014,-0.029950395595902728,-0.003974969383526968,,,4.1470595103832796e-12,4.147058677018606e-12,0.0019161161704303227,,,,,,,FALSE,,"cumulative 3L refit after adding study 'Ge, Liu (2015)' (median sample_mid = 2000.50); ordering: study-wise median sample_mid, ties alphabetical [DEC-045/H-Q17]; display floor: point-only in the figure (clusters = 7 < 10) [DEC-045/H-Q17; presentational only, CI retained here]"
H7,cumulative,Jiraporn et al (2014),step_008,Fisher_z,3LMA-RVE_CR2,0.6,264,8,8,-0.01734362144263822,0.004389054063216747,-3.95156249907914,3.657497778689782,0.01995146598906145,-0.029993099104762232,-0.00469414378051421,,,-0.01734188265777449,-0.02998410854923666,-0.004694109302354201,,,3.895867788157106e-12,3.895867236638871e-12,0.0019063775201772222,,,,,,,FALSE,,"cumulative 3L refit after adding study 'Jiraporn et al (2014)' (median sample_mid = 2001.00); ordering: study-wise median sample_mid, ties alphabetical [DEC-045/H-Q17]; display floor: point-only in the figure (clusters = 8 < 10) [DEC-045/H-Q17; presentational only, CI retained here]"
H7,cumulative,Chen et al (2020),step_009,Fisher_z,3LMA-RVE_CR2,0.6,312,9,9,-0.014871420064196091,0.0036812778094097534,-4.039744032950487,4.277714964793524,0.013640021569734385,-0.024835837996984272,-0.0049070021314079094,,,-0.014870323844373753,-0.024830732852224525,-0.004906962747092369,,,3.23847217855242e-12,3.2384683866035457e-12,0.0018789520455422177,,,,,,,FALSE,,"cumulative 3L refit after adding study 'Chen et al (2020)' (median sample_mid = 2001.50); ordering: study-wise median sample_mid, ties alphabetical [DEC-045/H-Q17]; display floor: point-only in the figure (clusters = 9 < 10) [DEC-045/H-Q17; presentational only, CI retained here]"
H7,cumulative,"Chen, Gao (2011)",step_010,Fisher_z,3LMA-RVE_CR2,0.6,316,10,10,-0.015354926604212423,0.003619368903488605,-4.242432040959476,4.310857678348882,0.011272896907478885,-0.025124474661603682,-0.005585378546821165,,,-0.015353719955027713,-0.025119189478097492,-0.005585320466211869,,,2.8267927619397696e-12,2.826792038249823e-12,0.0019697965527339287,,,,,,,FALSE,,"cumulative 3L refit after adding study 'Chen, Gao (2011)' (median sample_mid = 2005.00); ordering: study-wise median sample_mid, ties alphabetical [DEC-045/H-Q17]; full display (CI band)"
H7,cumulative,Chodnicka-Jaworska (2022),step_011,Fisher_z,3LMA-RVE_CR2,0.6,326,11,11,-0.01685984417718491,0.0030612449799533995,-5.507512233614692,4.501777038687287,0.0037293999578630888,-0.02499832913792687,-0.00872135921644295,,,-0.016858246864143656,-0.024993123150131653,-0.008721138101518913,,,3.3238466089341624e-12,3.3238472152026966e-12,0.0026523194001682317,,,,,,,FALSE,,"cumulative 3L refit after adding study 'Chodnicka-Jaworska (2022)' (median sample_mid = 2005.50); ordering: study-wise median sample_mid, ties alphabetical [DEC-045/H-Q17]; full display (CI band)"
H7,cumulative,Erragragui (2018),step_012,Fisher_z,3LMA-RVE_CR2,0.6,330,12,12,-0.018018410577610347,0.003381133695038629,-5.329103254346318,4.794453711972063,0.003533354932977319,-0.026823171385458477,-0.009213649769762217,,,-0.018016460859680245,-0.026816740301930375,-0.009213389058916914,,,3.1448736462884707e-12,3.1448746939348835e-12,0.0026176320270620305,,,,,,,FALSE,,"cumulative 3L refit after adding study 'Erragragui (2018)' (median sample_mid = 2005.50); ordering: study-wise median sample_mid, ties alphabetical [DEC-045/H-Q17]; full display (CI band)"
H7,cumulative,Zheng (2021),step_013,Fisher_z,3LMA-RVE_CR2,0.6,338,13,13,-0.021172503632348016,0.004921242968684837,-4.302267489549738,5.536883055403752,0.006107554551894505,-0.03346276692725929,-0.008882240337436743,,,-0.021169340498807643,-0.03345028246577889,-0.008882006759078893,,,2.8092038323356137e-11,2.809203150740263e-11,0.002576338968494993,,,,,,,FALSE,,"cumulative 3L refit after adding study 'Zheng (2021)' (median sample_mid = 2006.50); ordering: study-wise median sample_mid, ties alphabetical [DEC-045/H-Q17]; full display (CI band)"
H7,cumulative,Li et al (2014),step_014,Fisher_z,3LMA-RVE_CR2,0.6,356,14,14,-0.0264954411441496,0.006656737625975609,-3.980244172574916,8.605742084310636,0.0035053683683752197,-0.041659849778564094,-0.011331032509735106,,,-0.026489242877210432,-0.04163576567664258,-0.011330547595538906,,,9.346241350995511e-5,9.346241566188144e-5,0.0023103756406221672,,,,,,,FALSE,,"cumulative 3L refit after adding study 'Li et al (2014)' (median sample_mid = 2008.00); ordering: study-wise median sample_mid, ties alphabetical [DEC-045/H-Q17]; full display (CI band)"
H7,cumulative,Hoepner et al (2016),step_015,Fisher_z,3LMA-RVE_CR2,0.6,375,15,15,-0.031788884834270635,0.007835115952197224,-4.057232213054356,10.154843225589005,0.0022256770202155295,-0.04921059538862038,-0.014367174279920892,,,-0.031778181252951385,-0.04917090968150802,-0.01436618582477058,,,1.830298681755813e-4,1.8302987980295076e-4,0.002655818161542102,,,,,,,FALSE,,"cumulative 3L refit after adding study 'Hoepner et al (2016)' (median sample_mid = 2008.50); ordering: study-wise median sample_mid, ties alphabetical [DEC-045/H-Q17]; full display (CI band)"
H7,cumulative,Wang et al (2020),step_016,Fisher_z,3LMA-RVE_CR2,0.6,393,16,16,-0.03282417551910249,0.007338261655325184,-4.47301787001324,9.648717057770485,0.001302235311695919,-0.049255891388849636,-0.01639245964935534,,,-0.03281239205190569,-0.0492160960653761,-0.01639099151961093,,,1.2368284139266394e-4,1.2368283322935917e-4,0.0033072688763807947,,,,,,,FALSE,,"cumulative 3L refit after adding study 'Wang et al (2020)' (median sample_mid = 2009.50); ordering: study-wise median sample_mid, ties alphabetical [DEC-045/H-Q17]; full display (CI band)"
H7,cumulative,D'Arcangelo et al (2025),step_017,Fisher_z,3LMA-RVE_CR2,0.6,452,17,17,-0.029328505191639986,0.00895460581417768,-3.2752424618406595,12.947620740943961,0.006057116721118318,-0.0486817133729574,-0.009975297010322567,,,-0.029320099002995165,-0.04864329271353026,-0.009974966154359777,,,3.656509587881486e-4,3.6565093421460864e-4,0.0025360526395567327,,,,,,,FALSE,,"cumulative 3L refit after adding study 'D'Arcangelo et al (2025)' (median sample_mid = 2010.00); ordering: study-wise median sample_mid, ties alphabetical [DEC-045/H-Q17]; full display (CI band)"
H7,cumulative,Du et al (2015),step_018,Fisher_z,3LMA-RVE_CR2,0.6,484,18,18,-0.028596374764761647,0.008223623200849186,-3.477344969040986,13.479072702914603,0.0038913119773702825,-0.046298457649170295,-0.010894291880353,,,-0.028588582393232937,-0.0462654050127139,-0.010893860902306615,,,3.010365516051895e-4,3.010365340393611e-4,0.0027047922138723557,,,,,,,FALSE,,"cumulative 3L refit after adding study 'Du et al (2015)' (median sample_mid = 2010.00); ordering: study-wise median sample_mid, ties alphabetical [DEC-045/H-Q17]; full display (CI band)"
H7,cumulative,Hansen & Marcet (2025),step_019,Fisher_z,3LMA-RVE_CR2,0.6,520,19,19,-0.03097242451040858,0.008318154274840818,-3.7234731993476147,14.903406336752017,0.0020590476136145928,-0.0487121643950637,-0.013232684625753457,,,-0.0309625244523527,-0.048673671638336025,-0.013231912314765103,,,3.546422889347955e-4,3.546422887939364e-4,0.0024366043213206873,,,,,,,FALSE,,"cumulative 3L refit after adding study 'Hansen & Marcet (2025)' (median sample_mid = 2010.00); ordering: study-wise median sample_mid, ties alphabetical [DEC-045/H-Q17]; full display (CI band)"
H7,cumulative,Trinh et al (2024),step_020,Fisher_z,3LMA-RVE_CR2,0.6,624,20,20,-0.030782851453394437,0.007682532518420833,-4.006862500039498,15.693061941688608,0.0010532728712968117,-0.04709501984832942,-0.014470683058459454,,,-0.03077313202544219,-0.0470602327201713,-0.01446967308615444,,,3.264621209913546e-4,3.2646211999294003e-4,0.00219451085286482,,,,,,,FALSE,,"cumulative 3L refit after adding study 'Trinh et al (2024)' (median sample_mid = 2010.00); ordering: study-wise median sample_mid, ties alphabetical [DEC-045/H-Q17]; full display (CI band)"
H7,cumulative,Al-Fakir Al Rabab'a et al (2023),step_021,Fisher_z,3LMA-RVE_CR2,0.6,680,21,21,-0.03538756680533651,0.008013774668877052,-4.415842504627756,16.899789318535575,3.830890849732496e-4,-0.05230279385755236,-0.01847233975312065,,,-0.03537280248822592,-0.052255153122181104,-0.018470238950766393,,,3.966047012481724e-4,3.9660472508819885e-4,0.0025664823249415734,,,,,,,FALSE,,"cumulative 3L refit after adding study 'Al-Fakir Al Rabab'a et al (2023)' (median sample_mid = 2010.50); ordering: study-wise median sample_mid, ties alphabetical [DEC-045/H-Q17]; full display (CI band)"
H7,cumulative,Attig et al (2025),step_022,Fisher_z,3LMA-RVE_CR2,0.6,696,22,22,-0.03230184514758497,0.00824094459658414,-3.919677504078117,18.163570313350824,9.89718060709669e-4,-0.049604258076351056,-0.01499943221881888,,,-0.032290615153752575,-0.04956361295836569,-0.014998307447786432,,,4.6080836972334135e-4,4.6080834959952223e-4,0.0026808464137709,,,,,,,FALSE,,"cumulative 3L refit after adding study 'Attig et al (2025)' (median sample_mid = 2010.50); ordering: study-wise median sample_mid, ties alphabetical [DEC-045/H-Q17]; full display (CI band)"
H7,cumulative,Bannier et al (2022),step_023,Fisher_z,3LMA-RVE_CR2,0.6,709,23,23,-0.030804276437346543,0.007896369474993576,-3.901068273831197,19.0976276598769,9.527381738200487e-4,-0.047325851164811014,-0.014282701709882075,,,-0.030794536706126165,-0.04729055031647403,-0.014281730586507347,,,4.4330124721606994e-4,4.4330125034977103e-4,0.0026207493778773144,,,,,,,FALSE,,"cumulative 3L refit after adding study 'Bannier et al (2022)' (median sample_mid = 2010.50); ordering: study-wise median sample_mid, ties alphabetical [DEC-045/H-Q17]; full display (CI band)"
H7,cumulative,"Drago, Carnevale (2020)",step_024,Fisher_z,3LMA-RVE_CR2,0.6,710,24,24,-0.03275093236200786,0.008039532053584547,-4.073736150775761,19.75039669952633,6.050963145913422e-4,-0.04953469960220565,-0.015967165121810067,,,-0.032739227576577046,-0.04949422511910277,-0.015965808315334437,,,4.7624756026902406e-4,4.762475788678552e-4,0.002628957336428228,,,,,,,FALSE,,"cumulative 3L refit after adding study 'Drago, Carnevale (2020)' (median sample_mid = 2010.50); ordering: study-wise median sample_mid, ties alphabetical [DEC-045/H-Q17]; full display (CI band)"
H7,cumulative,Eichholtz et al (2019),step_025,Fisher_z,3LMA-RVE_CR2,0.6,746,25,25,-0.03225537764813692,0.007573409650698233,-4.2590298340937,20.50460312313976,3.6598568612403436e-4,-0.04802834714004365,-0.016482408156230192,,,-0.03224419603559787,-0.04799145183216985,-0.016480915727684054,,,4.315346014658889e-4,4.315346396095971e-4,0.0026498444441417136,,,,,,,FALSE,,"cumulative 3L refit after adding study 'Eichholtz et al (2019)' (median sample_mid = 2010.50); ordering: study-wise median sample_mid, ties alphabetical [DEC-045/H-Q17]; full display (CI band)"
H7,cumulative,Eliwa et al (2021),step_026,Fisher_z,3LMA-RVE_CR2,0.6,748,26,26,-0.03242896556034519,0.007391839134376202,-4.387130857533451,21.194907166824553,2.5266797445765854e-4,-0.04779253362692274,-0.01706539749376764,,,-0.032417602498173125,-0.04775617878165433,-0.017063741047386918,,,4.160555420856182e-4,4.160555050141981e-4,0.002641858648883089,,,,,,,FALSE,,"cumulative 3L refit after adding study 'Eliwa et al (2021)' (median sample_mid = 2010.50); ordering: study-wise median sample_mid, ties alphabetical [DEC-045/H-Q17]; full display (CI band)"
H7,cumulative,Salvi et al (2021),step_027,Fisher_z,3LMA-RVE_CR2,0.6,753,27,27,-0.031224025687986157,0.007196597823839888,-4.33872038597899,22.03977122694055,2.6284456299696153e-4,-0.046147294741682575,-0.01630075663428974,,,-0.03121388246200157,-0.04611456461380002,-0.016299313004354173,,,4.024171465161263e-4,4.0241713727155975e-4,0.002664497396489334,,,,,,,FALSE,,"cumulative 3L refit after adding study 'Salvi et al (2021)' (median sample_mid = 2010.50); ordering: study-wise median sample_mid, ties alphabetical [DEC-045/H-Q17]; full display (CI band)"
H7,cumulative,Fonseka et al (2019a),step_028,Fisher_z,3LMA-RVE_CR2,0.6,824,28,28,-0.0364095863268162,0.007747449937685366,-4.699557482741729,20.956701060304162,1.2280418174711016e-4,-0.05252331765762236,-0.02029585499601004,,,-0.03639350596740678,-0.05247507222193219,-0.020293068687204874,,,3.7021525530386097e-4,3.7021527297695963e-4,0.006718739649269342,,,,,,,FALSE,,"cumulative 3L refit after adding study 'Fonseka et al (2019a)' (median sample_mid = 2011.00); ordering: study-wise median sample_mid, ties alphabetical [DEC-045/H-Q17]; full display (CI band)"
H7,cumulative,Fonseka et al (2019b),step_029,Fisher_z,3LMA-RVE_CR2,0.6,829,29,29,-0.04365178784449747,0.009371706320296424,-4.657827118414951,23.783764100309376,1.0117852521011899e-4,-0.06300334933459097,-0.02430022635440397,,,-0.04362408311168101,-0.06292011918810848,-0.024295444381243512,,,7.116919761975427e-4,7.11691953638106e-4,0.007007913495515642,,,,,,,FALSE,,"cumulative 3L refit after adding study 'Fonseka et al (2019b)' (median sample_mid = 2011.00); ordering: study-wise median sample_mid, ties alphabetical [DEC-045/H-Q17]; full display (CI band)"
H7,cumulative,Jung et al (2016),step_030,Fisher_z,3LMA-RVE_CR2,0.6,846,30,30,-0.0448350463347669,0.009254188490121185,-4.844838246230683,24.66869497577506,5.756211560347502e-5,-0.0639073918636227,-0.0257627008059111,,,-0.044805028279461395,-0.06382053120279206,-0.025757002606661562,,,7.129469149735749e-4,7.129469874240555e-4,0.006941718250224276,,,,,,,FALSE,,"cumulative 3L refit after adding study 'Jung et al (2016)' (median sample_mid = 2011.00); ordering: study-wise median sample_mid, ties alphabetical [DEC-045/H-Q17]; full display (CI band)"
H7,cumulative,Li & Qiu (2026),step_031,Fisher_z,3LMA-RVE_CR2,0.6,908,31,31,-0.043203175034757985,0.008885317322251174,-4.862310873981491,25.680823075747725,4.981886931364682e-5,-0.06147826060645042,-0.02492808946306555,,,-0.043176315306394576,-0.06140092359456806,-0.024922927227804936,,,7.006236761779221e-4,7.006234724884025e-4,0.006375250773295425,,,,,,,FALSE,,"cumulative 3L refit after adding study 'Li & Qiu (2026)' (median sample_mid = 2011.00); ordering: study-wise median sample_mid, ties alphabetical [DEC-045/H-Q17]; full display (CI band)"
H7,cumulative,Safiullah et al (2021),step_032,Fisher_z,3LMA-RVE_CR2,0.6,941,32,32,-0.044879327509576815,0.008734202209959656,-5.138343082829098,26.772786437359844,2.1502161303192827e-5,-0.06280754935191192,-0.026951105667241706,,,-0.04484922047252388,-0.06272509196589078,-0.026944582142071558,,,7.138905103938596e-4,7.138905150676376e-4,0.006213938917559094,,,,,,,FALSE,,"cumulative 3L refit after adding study 'Safiullah et al (2021)' (median sample_mid = 2011.00); ordering: study-wise median sample_mid, ties alphabetical [DEC-045/H-Q17]; full display (CI band)"
H7,cumulative,"Atif, Ali (2021)",step_033,Fisher_z,3LMA-RVE_CR2,0.6,943,33,33,-0.044802699196864665,0.008579002573904513,-5.222366913974927,27.366061461511215,1.6126386835082133e-5,-0.06239434756932362,-0.027211050824405707,,,-0.044772746031357245,-0.06231350525562186,-0.027204336751118795,,,6.927035330911984e-4,6.92703819509163e-4,0.006200904953003035,,,,,,,FALSE,,"cumulative 3L refit after adding study 'Atif, Ali (2021)' (median sample_mid = 2011.50); ordering: study-wise median sample_mid, ties alphabetical [DEC-045/H-Q17]; full display (CI band)"
H7,cumulative,Delis et al (2021),step_034,Fisher_z,3LMA-RVE_CR2,0.6,975,34,34,-0.04357555016988442,0.008182129703088273,-5.325697801323928,28.04463195127883,1.1336796079767641e-5,-0.06033468148978172,-0.02681641884998711,,,-0.04354799026906278,-0.06026157635046454,-0.02680999262123912,,,6.44549558007163e-4,6.445495220709024e-4,0.006149211392865168,,,,,,,FALSE,,"cumulative 3L refit after adding study 'Delis et al (2021)' (median sample_mid = 2011.50); ordering: study-wise median sample_mid, ties alphabetical [DEC-045/H-Q17]; full display (CI band)"
H7,cumulative,Höck et al (2020),step_035,Fisher_z,3LMA-RVE_CR2,0.6,985,35,35,-0.04355778826379807,0.007975042341113991,-5.4617626340669325,28.80736509608194,7.183749367004531e-6,-0.05987332023777801,-0.02724225628981812,,,-0.04353026203343197,-0.05980187776419086,-0.027235519095635558,,,6.185392193923316e-4,6.185392827324604e-4,0.006105674802464761,,,,,,,FALSE,,"cumulative 3L refit after adding study 'Höck et al (2020)' (median sample_mid = 2011.50); ordering: study-wise median sample_mid, ties alphabetical [DEC-045/H-Q17]; full display (CI band)"
H7,cumulative,Yang et al (2024),step_036,Fisher_z,3LMA-RVE_CR2,0.6,1009,36,36,-0.043478997569362604,0.007674114683431767,-5.66566950885328,29.669390423058548,3.6986722910547994e-6,-0.05915895726123857,-0.027799037877486638,,,-0.04345162036863927,-0.05909003924983434,-0.027791879183209797,,,5.865470635604847e-4,5.865471697236664e-4,0.005927400458489206,,,,,,,FALSE,,"cumulative 3L refit after adding study 'Yang et al (2024)' (median sample_mid = 2011.50); ordering: study-wise median sample_mid, ties alphabetical [DEC-045/H-Q17]; full display (CI band)"
H7,cumulative,"Cubas, Martinez (2018)",step_037,Fisher_z,3LMA-RVE_CR2,0.6,1044,37,37,-0.042601142521281936,0.007400333080028301,-5.756652039926697,30.5406805084109,2.5887698931523936e-6,-0.05770342698113093,-0.027498858061432943,,,-0.04257538955084986,-0.05763946741145577,-0.027491928729262812,,,5.585412910940793e-4,5.585412376374209e-4,0.005769820083347969,,,,,,,FALSE,,"cumulative 3L refit after adding study 'Cubas, Martinez (2018)' (median sample_mid = 2012.00); ordering: study-wise median sample_mid, ties alphabetical [DEC-045/H-Q17]; full display (CI band)"
H7,cumulative,Drago et al (2018),step_038,Fisher_z,3LMA-RVE_CR2,0.6,1046,38,38,-0.09482276229961908,0.04343539990183939,-2.1830756137600003,36.93971016205569,0.035460475530038456,-0.1828360910016687,-0.00680943359756947,,,-0.09453958563412365,-0.18082562513645334,-0.006809328352039847,,,0.0346312148581299,0.03463122116417116,0.011916545449041272,,,,,,,FALSE,,"cumulative 3L refit after adding study 'Drago et al (2018)' (median sample_mid = 2012.00); ordering: study-wise median sample_mid, ties alphabetical [DEC-045/H-Q17]; full display (CI band)"
H7,cumulative,Ehlers et al (2021),step_039,Fisher_z,3LMA-RVE_CR2,0.6,1068,39,39,-0.091481523313858,0.042420846123509645,-2.156522834257163,37.938987987692634,0.037445714100558844,-0.1773625721218175,-0.005600474505898512,,,-0.0912271757557087,-0.17552588636230493,-0.00560041595308469,,,0.03391273292938327,0.033912727914299785,0.011667127066774165,,,,,,,FALSE,,"cumulative 3L refit after adding study 'Ehlers et al (2021)' (median sample_mid = 2012.00); ordering: study-wise median sample_mid, ties alphabetical [DEC-045/H-Q17]; full display (CI band)"
H7,cumulative,Li et al (2022),step_040,Fisher_z,3LMA-RVE_CR2,0.6,1085,40,40,-0.0901498373179723,0.04132425810855027,-2.181523430648588,38.936882300193716,0.03524638511999242,-0.17374037134141332,-0.006559303294531277,,,-0.08990641290676304,-0.17201306513214304,-0.006559209225990069,,,0.0330100455959598,0.03301005613098751,0.011490705701085702,,,,,,,FALSE,,"cumulative 3L refit after adding study 'Li et al (2022)' (median sample_mid = 2012.00); ordering: study-wise median sample_mid, ties alphabetical [DEC-045/H-Q17]; full display (CI band)"
H7,cumulative,Ofogbe et al (2021),step_041,Fisher_z,3LMA-RVE_CR2,0.6,1087,41,41,-0.08777154549882278,0.040377466029036815,-2.173775477532524,39.930900442654426,0.03570929877865136,-0.16938184760958996,-0.006161243388055612,,,-0.0875468451255467,-0.16778035699986996,-0.006161165427083437,,,0.03223123413379554,0.03223117166599154,0.011479928131474512,,,,,,,FALSE,,"cumulative 3L refit after adding study 'Ofogbe et al (2021)' (median sample_mid = 2012.00); ordering: study-wise median sample_mid, ties alphabetical [DEC-045/H-Q17]; full display (CI band)"
H7,cumulative,Okimoto & Takaoka (2024),step_042,Fisher_z,3LMA-RVE_CR2,0.6,1119,42,42,-0.08321113904507825,0.03968791774320192,-2.096636552804067,40.93202071369709,0.04224834827444752,-0.16336655773265332,-0.0030557203575031777,,,-0.08301961557138124,-0.16192856369797112,-0.003055710846683542,,,0.03193413729567982,0.031934136328671675,0.011146676944773764,,,,,,,FALSE,,"cumulative 3L refit after adding study 'Okimoto & Takaoka (2024)' (median sample_mid = 2012.00); ordering: study-wise median sample_mid, ties alphabetical [DEC-045/H-Q17]; full display (CI band)"
H7,cumulative,Safiullah et al (2025),step_043,Fisher_z,3LMA-RVE_CR2,0.6,1175,43,43,-0.08150653283449649,0.03882672055183243,-2.0992381451760234,41.93309587169071,0.04185546300074029,-0.15986573109138585,-0.0031473345776071443,,,-0.08132651998432291,-0.15851761206233755,-0.0031473241854486017,,,0.03132283482121913,0.03132294118560906,0.010697317180778607,,,,,,,FALSE,,"cumulative 3L refit after adding study 'Safiullah et al (2025)' (median sample_mid = 2012.00); ordering: study-wise median sample_mid, ties alphabetical [DEC-045/H-Q17]; full display (CI band)"
H7,cumulative,"Truong, Kim (2019)",step_044,Fisher_z,3LMA-RVE_CR2,0.6,1185,44,44,-0.0805343733590419,0.03790536700935252,-2.1246166364560297,42.93070643207363,0.03941645660181914,-0.15698139965212976,-0.004087347065954039,,,-0.08036071431980878,-0.1557044792108276,-0.004087324304479577,,,0.030538949563302525,0.030538939017939068,0.010604212380117774,,,,,,,FALSE,,"cumulative 3L refit after adding study 'Truong, Kim (2019)' (median sample_mid = 2012.00); ordering: study-wise median sample_mid, ties alphabetical [DEC-045/H-Q17]; full display (CI band)"
H7,cumulative,Wu et al (2020),step_045,Fisher_z,3LMA-RVE_CR2,0.6,1197,45,45,-0.08073756217519601,0.03703997403820417,-2.179741327354085,43.92814961517017,0.03468020333486573,-0.15539017356542056,-0.0060849507849714685,,,-0.0805625876751564,-0.15415144715606793,-0.00608487568435133,,,0.029793891384707824,0.02979389374308648,0.010523105882105688,,,,,,,FALSE,,"cumulative 3L refit after adding study 'Wu et al (2020)' (median sample_mid = 2012.00); ordering: study-wise median sample_mid, ties alphabetical [DEC-045/H-Q17]; full display (CI band)"
H7,cumulative,Zhou et al (2024),step_046,Fisher_z,3LMA-RVE_CR2,0.6,1229,46,46,-0.07936122490645586,0.0362498803804473,-2.189282394136182,44.927403490651244,0.033812349071731966,-0.15237548817146362,-0.006346961641448115,,,-0.07919503251745429,-0.15120703933249488,-0.006346876415985336,,,0.029188466411665084,0.02918854051653001,0.01024821838789415,,,,,,,FALSE,,"cumulative 3L refit after adding study 'Zhou et al (2024)' (median sample_mid = 2012.00); ordering: study-wise median sample_mid, ties alphabetical [DEC-045/H-Q17]; full display (CI band)"
H7,cumulative,Ali et al (2023),step_047,Fisher_z,3LMA-RVE_CR2,0.6,1239,47,47,-0.0803868480713499,0.035445407370513576,-2.267905887808256,45.92456095522155,0.02808397612233076,-0.1517379154458984,-0.009035780696801388,,,-0.08021413999086048,-0.15058398381322452,-0.009035534795058042,,,0.028502641967493348,0.02850266254736612,0.010203159731162205,,,,,,,FALSE,,"cumulative 3L refit after adding study 'Ali et al (2023)' (median sample_mid = 2012.50); ordering: study-wise median sample_mid, ties alphabetical [DEC-045/H-Q17]; full display (CI band)"
H7,cumulative,Hamrouni et al (2019a),step_048,Fisher_z,3LMA-RVE_CR2,0.6,1241,48,48,-0.07995802000812305,0.034706342007246045,-2.303844640020815,46.91751667405685,0.02570825568168315,-0.14978141464774813,-0.010134625368497963,,,-0.07978805650924735,-0.1486712866458346,-0.0101342784048293,,,0.027848982469652218,0.027849083312085507,0.010195441065820444,,,,,,,FALSE,,"cumulative 3L refit after adding study 'Hamrouni et al (2019a)' (median sample_mid = 2012.50); ordering: study-wise median sample_mid, ties alphabetical [DEC-045/H-Q17]; full display (CI band)"
H7,cumulative,Hu et al (2024),step_049,Fisher_z,3LMA-RVE_CR2,0.6,1290,49,49,-0.07788341722871552,0.033988419785439435,-2.291469203934,47.91332299354634,0.02637489196318874,-0.14622490933151838,-0.009541925125912648,,,-0.0777263226111659,-0.14519156607363742,-0.009541635544326865,,,0.027265008652116583,0.027265016163489194,0.01018381874265917,,,,,,,FALSE,,"cumulative 3L refit after adding study 'Hu et al (2024)' (median sample_mid = 2012.50); ordering: study-wise median sample_mid, ties alphabetical [DEC-045/H-Q17]; full display (CI band)"
H7,cumulative,Jang et al (2020),step_050,Fisher_z,3LMA-RVE_CR2,0.6,1291,50,50,-0.07345400288368965,0.03367127230080219,-2.1815036339431604,48.89709121314199,0.03398333445750278,-0.14112256020906172,-0.005785445558317587,,,-0.07332218058222156,-0.14019311792119066,-0.00578538101023228,,,0.027233401745540693,0.027233346637783217,0.010183875770270046,,,,,,,FALSE,,"cumulative 3L refit after adding study 'Jang et al (2020)' (median sample_mid = 2012.50); ordering: study-wise median sample_mid, ties alphabetical [DEC-045/H-Q17]; full display (CI band)"
H7,cumulative,"Kleimeier, Viehs (2021)",step_051,Fisher_z,3LMA-RVE_CR2,0.6,1320,51,51,-0.07238815000159,0.03301411887879467,-2.1926421924919435,49.89604142534526,0.0330240801796883,-0.13870238261600276,-0.006073917387177233,,,-0.0722619754224924,-0.13781970611920283,-0.006073842694336232,,,0.026718502511131653,0.026718492582013642,0.009963138583900405,,,,,,,FALSE,,"cumulative 3L refit after adding study 'Kleimeier, Viehs (2021)' (median sample_mid = 2012.50); ordering: study-wise median sample_mid, ties alphabetical [DEC-045/H-Q17]; full display (CI band)"
H7,cumulative,Lemma et al (2017),step_052,Fisher_z,3LMA-RVE_CR2,0.6,1328,52,52,-0.07164057470625126,0.03235572483323505,-2.2141545298550604,50.892060187538824,0.031324449424987105,-0.13660074799820066,-0.006680401414301873,,,-0.07151826377296627,-0.13575739621483315,-0.0066803020389520195,,,0.026139439249397933,0.02613944456485897,0.009941305134685685,,,,,,,FALSE,,"cumulative 3L refit after adding study 'Lemma et al (2017)' (median sample_mid = 2012.50); ordering: study-wise median sample_mid, ties alphabetical [DEC-045/H-Q17]; full display (CI band)"
H7,cumulative,Mahmoudian et al (2023),step_053,Fisher_z,3LMA-RVE_CR2,0.6,1336,53,53,-0.07264121011010592,0.031727904043640044,-2.2895054778970523,51.8887158303405,0.026148832274395507,-0.13631115767134527,-0.008971262548866557,,,-0.07251370949474202,-0.13547313189052518,-0.00897102187692349,,,0.025603849430365668,0.025603877726876875,0.009898839268160955,,,,,,,FALSE,,"cumulative 3L refit after adding study 'Mahmoudian et al (2023)' (median sample_mid = 2012.50); ordering: study-wise median sample_mid, ties alphabetical [DEC-045/H-Q17]; full display (CI band)"
H7,cumulative,"Okimoto, Takaoka (2022)",step_054,Fisher_z,3LMA-RVE_CR2,0.6,1346,54,54,-0.07167037052630454,0.03111488025337841,-2.3034114206022913,52.885177933892955,0.025216983181074917,-0.13408208020335222,-0.009258660849256861,,,-0.07154790712833307,-0.13328430725700727,-0.009258396298881748,,,0.0250768625220257,0.02507686958244341,0.009856207238237094,,,,,,,FALSE,,"cumulative 3L refit after adding study 'Okimoto, Takaoka (2022)' (median sample_mid = 2012.50); ordering: study-wise median sample_mid, ties alphabetical [DEC-045/H-Q17]; full display (CI band)"
H7,cumulative,Sandra et al (2021),step_055,Fisher_z,3LMA-RVE_CR2,0.6,1349,55,54,-0.0718639820046765,0.031073669799397158,-2.3126969704128957,52.889164513985946,0.024661141870137307,-0.13419291987390797,-0.009535044135445044,,,-0.07174052481895989,-0.13339317628455177,-0.009534755179872331,,,0.05007542015964612,7.931878786393365e-10,0.009839415339089783,,,,,,,FALSE,,"cumulative 3L refit after adding study 'Sandra et al (2021)' (median sample_mid = 2012.50); ordering: study-wise median sample_mid, ties alphabetical [DEC-045/H-Q17]; full display (CI band)"
H7,cumulative,Shad et al (2022),step_056,Fisher_z,3LMA-RVE_CR2,0.6,1351,56,55,-0.07465779955072299,0.030663011101943416,-2.434783697612502,53.87958280149232,0.018243052685586916,-0.13613658220841046,-0.013179016893035536,,,-0.0745193992164291,-0.13530175635439157,-0.013178253940329121,,,0.04956344666061958,1.0175156624036706e-9,0.00985474860645979,,,,,,,FALSE,,"cumulative 3L refit after adding study 'Shad et al (2022)' (median sample_mid = 2012.50); ordering: study-wise median sample_mid, ties alphabetical [DEC-045/H-Q17]; full display (CI band)"
H7,cumulative,"Maaloul, Wegener (2021)",step_057,Fisher_z,3LMA-RVE_CR2,0.6,1407,57,56,-0.07380094553374632,0.030106449712216193,-2.451333393316063,54.87745779006581,0.017445622786738068,-0.13413864746999893,-0.013463243597493693,,,-0.07366724922736274,-0.1333398692037909,-0.01346243021209895,,,0.04864162500540482,1.3831564078259036e-9,0.009740762923636733,,,,,,,FALSE,,"cumulative 3L refit after adding study 'Maaloul, Wegener (2021)' (median sample_mid = 2013.00); ordering: study-wise median sample_mid, ties alphabetical [DEC-045/H-Q17]; full display (CI band)"
H7,cumulative,Seltzer et al (2022),step_058,Fisher_z,3LMA-RVE_CR2,0.6,1419,58,57,-0.07350021070534317,0.02955015656802314,-2.4873035963836254,55.87438128158477,0.015883609851333295,-0.13269922461187217,-0.014301196798814156,,,-0.0733681398283114,-0.13192576815895113,-0.014300221898149862,,,0.04768647129480476,9.182293497271847e-10,0.009658061777420752,,,,,,,FALSE,,"cumulative 3L refit after adding study 'Seltzer et al (2022)' (median sample_mid = 2013.00); ordering: study-wise median sample_mid, ties alphabetical [DEC-045/H-Q17]; full display (CI band)"
H7,cumulative,Zhou et al (2018),step_059,Fisher_z,3LMA-RVE_CR2,0.6,1441,59,58,-0.07148974435476496,0.029097632386217955,-2.4568921418027796,56.873438095351815,0.01708912724513626,-0.12975955839780867,-0.013219930311721237,,,-0.07136820328033791,-0.1290361527755608,-0.013219160231651468,,,0.047050287758992226,1.000937856403456e-9,0.00954019224735013,,,,,,,FALSE,,"cumulative 3L refit after adding study 'Zhou et al (2018)' (median sample_mid = 2013.00); ordering: study-wise median sample_mid, ties alphabetical [DEC-045/H-Q17]; full display (CI band)"
H7,cumulative,Caragnano et al (2020),step_060,Fisher_z,3LMA-RVE_CR2,0.6,1446,60,59,-0.0705467034228004,0.028583595770338165,-2.468083581562831,57.869283906167354,0.01656117247482289,-0.12776573867416027,-0.013327668171440522,,,-0.07042990277991612,-0.12707502885660563,-0.013326879110759027,,,0.0461509182548145,1.2581847238521034e-9,0.009529972301965256,,,,,,,FALSE,,"cumulative 3L refit after adding study 'Caragnano et al (2020)' (median sample_mid = 2013.50); ordering: study-wise median sample_mid, ties alphabetical [DEC-045/H-Q17]; full display (CI band)"
H7,cumulative,Dumrose & Höck (2023),step_061,Fisher_z,3LMA-RVE_CR2,0.6,1477,61,60,-0.07046760535594748,0.02807416975421533,-2.5100512668007497,58.86540098960626,0.014840706351716871,-0.1266465770097403,-0.01428863370215467,,,-0.07035119663053893,-0.1259737833285955,-0.01428766136834184,,,0.04528155578508649,8.403892233473838e-10,0.009438497164307823,,,,,,,FALSE,,"cumulative 3L refit after adding study 'Dumrose & Höck (2023)' (median sample_mid = 2013.50); ordering: study-wise median sample_mid, ties alphabetical [DEC-045/H-Q17]; full display (CI band)"
H7,cumulative,Duong et al (2025),step_062,Fisher_z,3LMA-RVE_CR2,0.6,1512,62,61,-0.06981158931166973,0.027623992685241374,-2.5272085070080346,59.86521664251629,0.014156726871544113,-0.12507036060768173,-0.01455281801565772,,,-0.06969839736644934,-0.12442227373991356,-0.014551790748859799,,,0.04459936157660762,1.1359587373287501e-9,0.009221547341517412,,,,,,,FALSE,,"cumulative 3L refit after adding study 'Duong et al (2025)' (median sample_mid = 2013.50); ordering: study-wise median sample_mid, ties alphabetical [DEC-045/H-Q17]; full display (CI band)"
H7,cumulative,Kim & Pouget (2026),step_063,Fisher_z,3LMA-RVE_CR2,0.6,1545,63,62,-0.06873208486686529,0.027200419401892252,-2.526875922438306,60.86493568645817,0.014123444610779818,-0.12312512614866364,-0.014339043585066928,,,-0.06862405659443803,-0.12250669205228011,-0.014338060924375918,,,0.04397926226944101,9.990869463449264e-10,0.00902059926867825,,,,,,,FALSE,,"cumulative 3L refit after adding study 'Kim & Pouget (2026)' (median sample_mid = 2013.50); ordering: study-wise median sample_mid, ties alphabetical [DEC-045/H-Q17]; full display (CI band)"
H7,cumulative,Pizzutilo et al (2020),step_064,Fisher_z,3LMA-RVE_CR2,0.6,1565,64,63,-0.06885711344795098,0.026753990526495196,-2.5737137560753762,61.862713698185495,0.012471421364795364,-0.1223399394488818,-0.01537428744702015,,,-0.06874849531495629,-0.12173321510552518,-0.015373076228017646,,,0.04324489049732624,1.1158324076348826e-9,0.008891696940742735,,,,,,,FALSE,,"cumulative 3L refit after adding study 'Pizzutilo et al (2020)' (median sample_mid = 2013.50); ordering: study-wise median sample_mid, ties alphabetical [DEC-045/H-Q17]; full display (CI band)"
H7,cumulative,Srivisal et al (2021),step_065,Fisher_z,3LMA-RVE_CR2,0.6,1573,65,64,-0.0671955877570492,0.02636048679488572,-2.5491026884255428,62.85958109547109,0.01325334439576272,-0.11987512025324062,-0.014516055260857787,,,-0.06709463519111343,-0.11930419809713716,-0.014515035759096783,,,0.04262903894651685,1.507708530515247e-9,0.008875282646630246,,,,,,,FALSE,,"cumulative 3L refit after adding study 'Srivisal et al (2021)' (median sample_mid = 2013.50); ordering: study-wise median sample_mid, ties alphabetical [DEC-045/H-Q17]; full display (CI band)"
H7,cumulative,Sze et al (2021),step_066,Fisher_z,3LMA-RVE_CR2,0.6,1591,66,65,-0.06637090313529388,0.025944255702149636,-2.5582118792405617,63.856637435898584,0.012904326812847223,-0.11820275321781508,-0.014539053052772685,,,-0.06627361780159438,-0.11765530723383637,-0.01453802869801343,,,0.04194246393761199,1.2207035366170106e-9,0.008790502269042877,,,,,,,FALSE,,"cumulative 3L refit after adding study 'Sze et al (2021)' (median sample_mid = 2013.50); ordering: study-wise median sample_mid, ties alphabetical [DEC-045/H-Q17]; full display (CI band)"
H7,cumulative,Zhang et al (2023),step_067,Fisher_z,3LMA-RVE_CR2,0.6,1711,67,66,-0.06563741106880855,0.02569630778296491,-2.5543518400850633,64.87004079408912,0.012995688204038564,-0.11695843057432555,-0.01431639156329155,,,-0.06554331200335038,-0.11642803042281034,-0.014315413552051296,,,0.04189289683397899,1.5142323434868874e-9,0.00810678753902545,,,,,,,FALSE,,"cumulative 3L refit after adding study 'Zhang et al (2023)' (median sample_mid = 2013.50); ordering: study-wise median sample_mid, ties alphabetical [DEC-045/H-Q17]; full display (CI band)"
H7,cumulative,Azmi et al (2021),step_068,Fisher_z,3LMA-RVE_CR2,0.6,1714,68,67,-0.06400949993508681,0.025374728374943433,-2.522568872039384,65.8602803750082,0.014074082633000555,-0.11467378592797949,-0.013345213942194137,,,-0.06392222271889843,-0.11417375953916294,-0.013344421761179821,,,0.04139944093288921,1.03678800718577e-9,0.008101661239329113,,,,,,,FALSE,,"cumulative 3L refit after adding study 'Azmi et al (2021)' (median sample_mid = 2014.00); ordering: study-wise median sample_mid, ties alphabetical [DEC-045/H-Q17]; full display (CI band)"
H7,cumulative,Borsuk & Shrimali (2026),step_069,Fisher_z,3LMA-RVE_CR2,0.6,1719,69,68,-0.06300110134404173,0.024999480233507163,-2.5200964482293693,66.8569301910507,0.014126853430024337,-0.112902235649803,-0.01309996703828046,,,-0.06291788009690538,-0.1124249506731396,-0.013099217731705439,,,0.040762491367803515,8.769297586798444e-10,0.008079633369803586,,,,,,,FALSE,,"cumulative 3L refit after adding study 'Borsuk & Shrimali (2026)' (median sample_mid = 2014.00); ordering: study-wise median sample_mid, ties alphabetical [DEC-045/H-Q17]; full display (CI band)"
H7,cumulative,Christ et al (2022),step_070,Fisher_z,3LMA-RVE_CR2,0.6,1754,70,69,-0.06272904983660584,0.024642086518705204,-2.545606265483637,67.85652960953453,0.013185912642566206,-0.11190345047369203,-0.013554649199519639,,,-0.06264690091715146,-0.11143867909308111,-0.01355381913533293,,,0.04019933589385931,1.0300290859094766e-9,0.007929346571958986,,,,,,,FALSE,,"cumulative 3L refit after adding study 'Christ et al (2022)' (median sample_mid = 2014.00); ordering: study-wise median sample_mid, ties alphabetical [DEC-045/H-Q17]; full display (CI band)"
H7,cumulative,Hui et al (2024),step_071,Fisher_z,3LMA-RVE_CR2,0.6,1790,71,70,-0.06210762198636151,0.02430573080109248,-2.555266595134425,68.85653451033517,0.012823512133940285,-0.11059803062521631,-0.013617213347506714,,,-0.06202788792507636,-0.11014928386298718,-0.013616371736784644,,,0.03970063409533767,1.0185898218950877e-9,0.007751780112276587,,,,,,,FALSE,,"cumulative 3L refit after adding study 'Hui et al (2024)' (median sample_mid = 2014.00); ordering: study-wise median sample_mid, ties alphabetical [DEC-045/H-Q17]; full display (CI band)"
H7,cumulative,Kölbel et al (2020),step_072,Fisher_z,3LMA-RVE_CR2,0.6,1844,72,71,-0.06115102818241994,0.02401751058089286,-2.5461018524987624,69.85964999859966,0.013101324615926628,-0.10905413459046501,-0.013247921774374873,,,-0.06107491832221779,-0.1086238615101327,-0.013247146792540451,,,0.039362758564208684,1.2376987720149643e-9,0.0074803804246956545,,,,,,,FALSE,,"cumulative 3L refit after adding study 'Kölbel et al (2020)' (median sample_mid = 2014.00); ordering: study-wise median sample_mid, ties alphabetical [DEC-045/H-Q17]; full display (CI band)"
H7,cumulative,Ma et al (2022),step_073,Fisher_z,3LMA-RVE_CR2,0.6,1858,73,72,-0.06078637662972898,0.023669251493213597,-2.5681579600080524,70.85679115423055,0.012333554024634898,-0.107983176705175,-0.013589576554282959,,,-0.06071161889796724,-0.10756541728455905,-0.013588740057185425,,,0.03876635326344863,1.0123348381883758e-9,0.007421156201926729,,,,,,,FALSE,,"cumulative 3L refit after adding study 'Ma et al (2022)' (median sample_mid = 2014.00); ordering: study-wise median sample_mid, ties alphabetical [DEC-045/H-Q17]; full display (CI band)"
H7,cumulative,"Palea, Drogo (2020)",step_074,Fisher_z,3LMA-RVE_CR2,0.6,1894,74,73,-0.06010825555737407,0.023279148540945687,-2.5820641786639955,71.84711387042427,0.011859649388265909,-0.10651607720846679,-0.013700433906281347,,,-0.06003596959972662,-0.10611506475866858,-0.013699576771526499,,,0.03798233838131394,1.2776364748534158e-9,0.007576925299863343,,,,,,,FALSE,,"cumulative 3L refit after adding study 'Palea, Drogo (2020)' (median sample_mid = 2014.00); ordering: study-wise median sample_mid, ties alphabetical [DEC-045/H-Q17]; full display (CI band)"
H7,cumulative,Yilmaz (2022),step_075,Fisher_z,3LMA-RVE_CR2,0.6,1898,75,74,-0.05888937051256389,0.022945048606305585,-2.5665393664226257,72.83942454432034,0.012326639815594594,-0.1046204848679643,-0.013158256157163477,,,-0.05882138952602446,-0.10424044272279055,-0.013157496804222875,,,0.037361530619795434,1.0465768778087434e-9,0.007693193033234839,,,,,,,FALSE,,"cumulative 3L refit after adding study 'Yilmaz (2022)' (median sample_mid = 2014.00); ordering: study-wise median sample_mid, ties alphabetical [DEC-045/H-Q17]; full display (CI band)"
H7,cumulative,"Zhu, Zhao (2022)",step_076,Fisher_z,3LMA-RVE_CR2,0.6,1926,76,75,-0.05833903459916788,0.02264445923423416,-2.5763050464446615,73.83832600525754,0.011984230685169447,-0.1034607461388516,-0.013217323059484157,,,-0.058272940051824866,-0.10309316761411867,-0.013216553434931961,,,0.0368957125136294,1.067571113945016e-9,0.007566141126404433,,,,,,,FALSE,,"cumulative 3L refit after adding study 'Zhu, Zhao (2022)' (median sample_mid = 2014.00); ordering: study-wise median sample_mid, ties alphabetical [DEC-045/H-Q17]; full display (CI band)"
H7,cumulative,Apergis et al (2022),step_077,Fisher_z,3LMA-RVE_CR2,0.6,1928,77,76,-0.05865815847127388,0.022348522804318878,-2.624699582378578,74.8295657160434,0.010508584675617626,-0.10318036100316234,-0.014135955939385422,,,-0.05859097433860312,-0.10281575445649016,-0.01413501444099471,,,0.03636365899323779,1.3024735827225438e-9,0.007561929924902665,,,,,,,FALSE,,"cumulative 3L refit after adding study 'Apergis et al (2022)' (median sample_mid = 2014.50); ordering: study-wise median sample_mid, ties alphabetical [DEC-045/H-Q17]; full display (CI band)"
H7,cumulative,Ben Slimane et al (2019),step_078,Fisher_z,3LMA-RVE_CR2,0.6,1936,78,77,-0.06171202006367479,0.020675113476849943,-2.984845530970078,75.45535621220704,0.0038224768389847883,-0.10289488454005444,-0.02052915558729513,,,-0.06163379841477164,-0.10253328750458134,-0.02052627209498579,,,0.030455131962024942,2.2362214696081783e-9,0.014426192504545913,,,,,,,FALSE,,"cumulative 3L refit after adding study 'Ben Slimane et al (2019)' (median sample_mid = 2014.50); ordering: study-wise median sample_mid, ties alphabetical [DEC-045/H-Q17]; full display (CI band)"
H7,cumulative,Devalle et al (2017),step_079,Fisher_z,3LMA-RVE_CR2,0.6,1939,79,78,-0.06133333373165483,0.020462482055707627,-2.997355529240259,76.33080149994257,0.003673340069653856,-0.10208504265952138,-0.02058162480378828,,,-0.061256541820939585,-0.10173189318333183,-0.0205787191482035,,,0.03006010312276634,1.4811339896033527e-9,0.014447378129490976,,,,,,,FALSE,,"cumulative 3L refit after adding study 'Devalle et al (2017)' (median sample_mid = 2015.00); ordering: study-wise median sample_mid, ties alphabetical [DEC-045/H-Q17]; full display (CI band)"
H7,cumulative,Ding et al (2022),step_080,Fisher_z,3LMA-RVE_CR2,0.6,1947,80,79,-0.06094448746951963,0.02014246336455806,-3.025672002797598,77.30695639895447,0.0033677135239142957,-0.1010507148093903,-0.020838260129648956,,,-0.06086914544347171,-0.10070816262710787,-0.020835244432791698,,,0.029454658755043654,2.067651739002527e-9,0.014502811402361806,,,,,,,FALSE,,"cumulative 3L refit after adding study 'Ding et al (2022)' (median sample_mid = 2015.00); ordering: study-wise median sample_mid, ties alphabetical [DEC-045/H-Q17]; full display (CI band)"
H7,cumulative,"Kim, Kim (2022)",step_081,Fisher_z,3LMA-RVE_CR2,0.6,1980,81,80,-0.0613492866901421,0.01989375881896491,-3.0838459060666423,78.30455127108273,0.002822346585645916,-0.1009522920071042,-0.021746281373179993,,,-0.06127243490258864,-0.10061073707670767,-0.021742854077204027,,,0.029100133904890465,1.9288339509756805e-9,0.014312514789670418,,,,,,,FALSE,,"cumulative 3L refit after adding study 'Kim, Kim (2022)' (median sample_mid = 2015.00); ordering: study-wise median sample_mid, ties alphabetical [DEC-045/H-Q17]; full display (CI band)"
H7,cumulative,Lee (2022),step_082,Fisher_z,3LMA-RVE_CR2,0.6,1989,82,81,-0.06090011117767848,0.019615608886017915,-3.1046760532163917,79.290219343113,0.002641316831319683,-0.0999417820771801,-0.021858440278176863,,,-0.060824933448743804,-0.09961035468766016,-0.021854959685030557,,,0.028626164474709847,1.65333651512163e-9,0.014255481898947714,,,,,,,FALSE,,"cumulative 3L refit after adding study 'Lee (2022)' (median sample_mid = 2015.00); ordering: study-wise median sample_mid, ties alphabetical [DEC-045/H-Q17]; full display (CI band)"
H7,cumulative,Luo et al (2019),step_083,Fisher_z,3LMA-RVE_CR2,0.6,1999,83,82,-0.0601527066098577,0.019352112621629246,-3.1083276428758952,80.27519037817314,0.0026026723594474665,-0.09866261141973143,-0.021642801799983964,,,-0.06008026031827128,-0.09834371554384096,-0.021639423191808258,,,0.02818077540661518,1.4741847736402814e-9,0.014224871806613113,,,,,,,FALSE,,"cumulative 3L refit after adding study 'Luo et al (2019)' (median sample_mid = 2015.00); ordering: study-wise median sample_mid, ties alphabetical [DEC-045/H-Q17]; full display (CI band)"
H7,cumulative,Ho & Wong (2023),step_084,Fisher_z,3LMA-RVE_CR2,0.6,2037,84,83,-0.05957220780333985,0.01913802044914967,-3.1127674861475407,81.27800141612252,0.0025584415356960798,-0.0976488910496514,-0.0214955245570283,,,-0.05950183679369146,-0.09733969960705033,-0.02149221444548804,,,0.02792949393344595,2.394057154780088e-9,0.013956309019708294,,,,,,,FALSE,,"cumulative 3L refit after adding study 'Ho & Wong (2023)' (median sample_mid = 2015.50); ordering: study-wise median sample_mid, ties alphabetical [DEC-045/H-Q17]; full display (CI band)"
H7,cumulative,Kordschia (2020),step_085,Fisher_z,3LMA-RVE_CR2,0.6,2042,85,84,-0.06037298665391088,0.018856068010665316,-3.2017802767662316,82.24507401674464,0.0019424888974833947,-0.09788203926695693,-0.022863934040864828,,,-0.06029974232289659,-0.0975706334958741,-0.022859950761026353,,,0.027374134299938683,1.5000689638143508e-9,0.01413085574955264,,,,,,,FALSE,,"cumulative 3L refit after adding study 'Kordschia (2020)' (median sample_mid = 2015.50); ordering: study-wise median sample_mid, ties alphabetical [DEC-045/H-Q17]; full display (CI band)"
H7,cumulative,Owolabi et al (2024),step_086,Fisher_z,3LMA-RVE_CR2,0.6,2048,86,85,-0.05968727001586909,0.018612037517521034,-3.2069175639518552,83.22954651898574,0.0019045372434126195,-0.09670435422146498,-0.022670185810273212,,,-0.059616490846597314,-0.09640402653308092,-0.022666302923613692,,,0.02695978996583835,2.00743963416513e-9,0.014102653570655847,,,,,,,FALSE,,"cumulative 3L refit after adding study 'Owolabi et al (2024)' (median sample_mid = 2015.50); ordering: study-wise median sample_mid, ties alphabetical [DEC-045/H-Q17]; full display (CI band)"
H7,cumulative,Ririmasse et al (2026),step_087,Fisher_z,3LMA-RVE_CR2,0.6,2066,87,86,-0.05901088488592957,0.018385833519357554,-3.2095844239968705,84.22071563110073,0.0018816654670793824,-0.09557173126934385,-0.022450038502515306,,,-0.05894248259889502,-0.09528180782551174,-0.022446267624615115,,,0.026621924883333894,2.423065858481864e-9,0.013981099666620563,,,,,,,FALSE,,"cumulative 3L refit after adding study 'Ririmasse et al (2026)' (median sample_mid = 2015.50); ordering: study-wise median sample_mid, ties alphabetical [DEC-045/H-Q17]; full display (CI band)"
H7,cumulative,Xiang & Gong (2026),step_088,Fisher_z,3LMA-RVE_CR2,0.6,2078,88,87,-0.059490679685313894,0.018142722695765418,-3.279038140135342,85.203381315516,0.001509339440779589,-0.09556202998066937,-0.023419329389958415,,,-0.05942059692948542,-0.09527219460229305,-0.0234150487683184,,,0.026207757283808,1.5172210812841356e-9,0.013951692685867224,,,,,,,FALSE,,"cumulative 3L refit after adding study 'Xiang & Gong (2026)' (median sample_mid = 2015.50); ordering: study-wise median sample_mid, ties alphabetical [DEC-045/H-Q17]; full display (CI band)"
H7,cumulative,Du et al (2022),step_089,Fisher_z,3LMA-RVE_CR2,0.6,2080,89,88,-0.05863576946635277,0.017955629518729338,-3.2655925210079872,86.16771610890618,0.001568427447806407,-0.09432938846430214,-0.022942150468403408,,,-0.05856866216368267,-0.09405059867422245,-0.022938126174492687,,,0.025899624693859886,2.086213838763454e-9,0.013945436845398035,,,,,,,FALSE,,"cumulative 3L refit after adding study 'Du et al (2022)' (median sample_mid = 2016.00); ordering: study-wise median sample_mid, ties alphabetical [DEC-045/H-Q17]; full display (CI band)"
H7,cumulative,Tan et al (2021),step_090,Fisher_z,3LMA-RVE_CR2,0.6,2086,90,89,-0.058903458384835794,0.01772829122644834,-3.3225682967662094,87.15092825873097,0.001305061659907718,-0.09413949644290973,-0.02366742032676187,,,-0.05883542864324536,-0.09386238298640678,-0.023663002240202197,,,0.025506053134042785,1.4489767779781251e-9,0.013911692904548282,,,,,,,FALSE,,"cumulative 3L refit after adding study 'Tan et al (2021)' (median sample_mid = 2016.00); ordering: study-wise median sample_mid, ties alphabetical [DEC-045/H-Q17]; full display (CI band)"
H7,cumulative,Wang et al (2022a),step_091,Fisher_z,3LMA-RVE_CR2,0.6,2087,91,90,-0.05870785323575197,0.0175620640490028,-3.342878893502583,88.04419396309548,0.001218878614368742,-0.09360852096150518,-0.023807185509998753,,,-0.05864049836157311,-0.09333605929522937,-0.02380268870075779,,,0.02520261553559903,1.8746037381788306e-9,0.013911576719272213,,,,,,,FALSE,,"cumulative 3L refit after adding study 'Wang et al (2022a)' (median sample_mid = 2016.00); ordering: study-wise median sample_mid, ties alphabetical [DEC-045/H-Q17]; full display (CI band)"
H7,cumulative,Lin et al (2025),step_092,Fisher_z,3LMA-RVE_CR2,0.6,2116,92,91,-0.058574237025663806,0.01735982094901681,-3.3741267952986123,89.038566354743,0.0010982462756722764,-0.09306762561441909,-0.024080848436908525,,,-0.058507340576080355,-0.09279984900454233,-0.024076194790590543,,,0.024915486773131667,1.5320499631065224e-9,0.01373480384096759,,,,,,,FALSE,,"cumulative 3L refit after adding study 'Lin et al (2025)' (median sample_mid = 2017.00); ordering: study-wise median sample_mid, ties alphabetical [DEC-045/H-Q17]; full display (CI band)"
H7,cumulative,Liu et al (2023),step_093,Fisher_z,3LMA-RVE_CR2,0.6,2126,93,92,-0.058257529601576125,0.01714283907607387,-3.398359474941681,90.02205083762611,0.0010115513440580835,-0.09231465789579973,-0.024200401307352508,,,-0.058191711438031965,-0.09205331367905167,-0.02419567801615322,,,0.024551685483583878,1.8855952136799302e-9,0.013672025127213277,,,,,,,FALSE,,"cumulative 3L refit after adding study 'Liu et al (2023)' (median sample_mid = 2017.00); ordering: study-wise median sample_mid, ties alphabetical [DEC-045/H-Q17]; full display (CI band)"
H7,cumulative,Nasih et al (2024),step_094,Fisher_z,3LMA-RVE_CR2,0.6,2131,94,93,-0.05931726750940299,0.016997619815544558,-3.489739631378067,91.001823658509025,7.473861180066945e-4,-0.09308094207497195,-0.02555359294383404,,,-0.05924779525969765,-0.09281305076992566,-0.02554803234912174,,,0.024360787650135204,1.67440513946088e-9,0.013653224835791287,,,,,,,FALSE,,"cumulative 3L refit after adding study 'Nasih et al (2024)' (median sample_mid = 2017.00); ordering: study-wise median sample_mid, ties alphabetical [DEC-045/H-Q17]; full display (CI band)"
H7,cumulative,Ratajczak & Mikolajewicz (2021),step_095,Fisher_z,3LMA-RVE_CR2,0.6,2137,95,94,-0.06007731230051494,0.016830138537009733,-3.5696267246050297,91.98241579685144,5.705943542426225e-4,-0.09350350530181212,-0.02665111929921777,,,-0.06000513781492758,-0.09323195747205676,-0.026644811153243915,,,0.024103027361593084,1.1939961140196154e-9,0.013626249309015726,,,,,,,FALSE,,"cumulative 3L refit after adding study 'Ratajczak & Mikolajewicz (2021)' (median sample_mid = 2017.00); ordering: study-wise median sample_mid, ties alphabetical [DEC-045/H-Q17]; full display (CI band)"
H7,cumulative,Tan et al (2026),step_096,Fisher_z,3LMA-RVE_CR2,0.6,2162,96,95,-0.05962980058271611,0.016650501304691187,-3.5812615783475383,92.97726411816073,5.462163629886649e-4,-0.09269450283916142,-0.026565098326270804,,,-0.05955922547091446,-0.09242992670080333,-0.026558851053729685,,,0.02386072245878066,4.8996017857232e-10,0.013456911944733538,,,,,,,FALSE,,"cumulative 3L refit after adding study 'Tan et al (2026)' (median sample_mid = 2017.00); ordering: study-wise median sample_mid, ties alphabetical [DEC-045/H-Q17]; full display (CI band)"
H7,cumulative,Temiz (2022),step_097,Fisher_z,3LMA-RVE_CR2,0.6,2175,97,96,-0.05951462565118142,0.01645125896202183,-3.6176335068685335,93.96159423949388,4.80925335406597e-4,-0.09217916002782672,-0.026850091274536116,,,-0.05944445831280438,-0.09191896231966803,-0.02684364081247858,,,0.023532568764577547,2.2684767519485404e-9,0.013378011663899321,,,,,,,FALSE,,"cumulative 3L refit after adding study 'Temiz (2022)' (median sample_mid = 2017.00); ordering: study-wise median sample_mid, ties alphabetical [DEC-045/H-Q17]; full display (CI band)"
H7,cumulative,Wang et al (2025a),step_098,Fisher_z,3LMA-RVE_CR2,0.6,2199,98,97,-0.05949814243541191,0.016263660761280108,-3.658348714273651,94.95005680674724,4.167701629806088e-4,-0.09178581033092553,-0.027210474539898298,,,-0.05942803332675287,-0.09152892198967613,-0.027203760893096653,,,0.023243454206096567,1.377584500489081e-9,0.013260494487218385,,,,,,,FALSE,,"cumulative 3L refit after adding study 'Wang et al (2025a)' (median sample_mid = 2017.00); ordering: study-wise median sample_mid, ties alphabetical [DEC-045/H-Q17]; full display (CI band)"
H7,cumulative,Panjwani et al (2023),step_099,Fisher_z,3LMA-RVE_CR2,0.6,2369,99,98,-0.058937901533731664,0.016156190367319304,-3.648007370162652,95.97639408009407,4.296620687833751e-4,-0.0910077866106727,-0.026868016456790628,,,-0.05886975249390297,-0.09075736140859213,-0.026861553069565516,,,0.02323663612722896,2.085122880373242e-9,0.012885061831959201,,,,,,,FALSE,,"cumulative 3L refit after adding study 'Panjwani et al (2023)' (median sample_mid = 2017.50); ordering: study-wise median sample_mid, ties alphabetical [DEC-045/H-Q17]; full display (CI band)"
H7,cumulative,Tang et al (2023),step_100,Fisher_z,3LMA-RVE_CR2,0.6,2382,100,99,-0.05957415124588655,0.015991122287845168,-3.725451545772293,96.96320077746752,3.2763994861189597e-4,-0.09131225453787825,-0.02783604795389486,,,-0.059503773355316945,-0.09105931311126625,-0.02782886063540357,,,0.022979699728857106,1.9534941143480124e-9,0.01284586305535854,,,,,,,FALSE,,"cumulative 3L refit after adding study 'Tang et al (2023)' (median sample_mid = 2018.00); ordering: study-wise median sample_mid, ties alphabetical [DEC-045/H-Q17]; full display (CI band)"
H7,cumulative,Boermans et al (2023),step_101,Fisher_z,3LMA-RVE_CR2,0.6,2443,101,100,-0.059089734430684084,0.01588517206479082,-3.719804493755239,97.98835599844176,3.3245773353954695e-4,-0.09061338822148884,-0.027566080639879316,,,-0.05902105783793128,-0.09036619765771627,-0.02755910037623165,,,0.022964707545058437,1.673129107336562e-9,0.012484141167554863,,,,,,,FALSE,,"cumulative 3L refit after adding study 'Boermans et al (2023)' (median sample_mid = 2018.50); ordering: study-wise median sample_mid, ties alphabetical [DEC-045/H-Q17]; full display (CI band)"
H7,cumulative,Boubaker et al (2026),step_102,Fisher_z,3LMA-RVE_CR2,0.6,2459,102,101,-0.05905598216517481,0.01570370893642384,-3.7606391206218737,98.97267821517046,2.870420891416841e-4,-0.09021565404970835,-0.027896310280641268,,,-0.05898742308095084,-0.08997169724471868,-0.027889076191206858,,,0.022660251423442877,2.500667725643109e-9,0.01242308292754976,,,,,,,FALSE,,"cumulative 3L refit after adding study 'Boubaker et al (2026)' (median sample_mid = 2019.00); ordering: study-wise median sample_mid, ties alphabetical [DEC-045/H-Q17]; full display (CI band)"
H7,cumulative,Gonzales Sanches et al (2026),step_103,Fisher_z,3LMA-RVE_CR2,0.6,2476,103,102,-0.05885318345558774,0.01553146710543347,-3.789286810838286,99.9598883674951,2.5836198795698594e-4,-0.08966732325079033,-0.028039043660385156,,,-0.05878532759792365,-0.08942777835292283,-0.0280316979841431,,,0.022386417303159056,2.084063522745049e-9,0.012334928441642044,,,,,,,FALSE,,"cumulative 3L refit after adding study 'Gonzales Sanches et al (2026)' (median sample_mid = 2019.00); ordering: study-wise median sample_mid, ties alphabetical [DEC-045/H-Q17]; full display (CI band)"
H7,cumulative,Shi et al (2025),step_104,Fisher_z,3LMA-RVE_CR2,0.6,2491,104,103,-0.05853254220702767,0.015363388222975654,-3.809871973390178,100.94667084637311,2.391156821930516e-4,-0.0890095669239071,-0.02805551749014824,,,-0.05846578838200849,-0.08877524402976311,-0.028048158861561666,,,0.022115400513194772,1.71582091641714e-9,0.012263292854687484,,,,,,,FALSE,,"cumulative 3L refit after adding study 'Shi et al (2025)' (median sample_mid = 2019.00); ordering: study-wise median sample_mid, ties alphabetical [DEC-045/H-Q17]; full display (CI band)"
H7,cumulative,Wang & Wijethilake (2026),step_105,Fisher_z,3LMA-RVE_CR2,0.6,2499,105,104,-0.058198795003143476,0.015194836622273883,-3.8301691850921737,101.91876478378099,2.2146879254369826e-4,-0.08833796973660407,-0.028059620269682888,,,-0.05813317553111745,-0.0881089001013674,-0.02805225841297109,,,0.021803310128606004,2.6562696214297134e-9,0.012278948471182346,,,,,,,FALSE,,"cumulative 3L refit after adding study 'Wang & Wijethilake (2026)' (median sample_mid = 2019.00); ordering: study-wise median sample_mid, ties alphabetical [DEC-045/H-Q17]; full display (CI band)"
H7,cumulative,Ali et al (2026),step_106,Fisher_z,3LMA-RVE_CR2,0.6,2508,106,105,-0.05787979770850117,0.015028039499109594,-3.8514536584715877,102.90155692943804,2.0432376264577925e-4,-0.0876847084941809,-0.028074886922821438,,,-0.05781525039209414,-0.08746067302390292,-0.028067513045800276,,,0.021520194364884716,1.5190743440682886e-9,0.012238492736425454,,,,,,,FALSE,,"cumulative 3L refit after adding study 'Ali et al (2026)' (median sample_mid = 2019.50); ordering: study-wise median sample_mid, ties alphabetical [DEC-045/H-Q17]; full display (CI band)"
H7,cumulative,Kozak (2021),step_107,Fisher_z,3LMA-RVE_CR2,0.6,2529,107,106,-0.057721501311881314,0.014828921296865591,-3.892494953364004,103.86267549290308,1.7555501989131143e-4,-0.08712826632343973,-0.02831473630032289,,,-0.057657481674939705,-0.08690846046740588,-0.02830717185551774,,,0.021127581933863576,2.9572020816161677e-9,0.012300204691233002,,,,,,,FALSE,,"cumulative 3L refit after adding study 'Kozak (2021)' (median sample_mid = 2019.50); ordering: study-wise median sample_mid, ties alphabetical [DEC-045/H-Q17]; full display (CI band)"
H7,cumulative,Altavilla et al (2024),step_108,Fisher_z,3LMA-RVE_CR2,0.6,2611,108,107,-0.0574042514037858,0.014763285938816791,-3.888311290703517,104.90438490459776,1.772951223900847e-4,-0.08667743124956012,-0.02813107155801148,,,-0.0573412806544539,-0.08646101308583991,-0.028123653330971048,,,0.021209440710388435,2.0649939869862284e-09,0.011874233013771841,,,,,,,FALSE,,"cumulative 3L refit after adding study 'Altavilla et al (2024)' (median sample_mid = 2020.00); ordering: study-wise median sample_mid, ties alphabetical [DEC-045/H-Q17]; full display (CI band)"
H7,cumulative,Brinette et al (2026),step_109,Fisher_z,3LMA-RVE_CR2,0.6,2623,109,108,-0.058554902719245495,0.01464752561862839,-3.997596880443527,105.88500647687448,1.1861304058003584e-4,-0.0875954110115965,-0.02951439442689449,,,-0.058488072431304744,-0.08737205791889265,-0.02950582742077122,,,0.021052673488845864,1.3500634684829823e-9,0.011949164192566555,,,,,,,FALSE,,"cumulative 3L refit after adding study 'Brinette et al (2026)' (median sample_mid = 2020.00); ordering: study-wise median sample_mid, ties alphabetical [DEC-045/H-Q17]; full display (CI band)"
H7,cumulative,Ferriani (2022),step_110,Fisher_z,3LMA-RVE_CR2,0.6,2653,110,109,-0.05786888352920177,0.014508534122819852,-3.9886099477260273,106.87158434725893,1.2195219519708461e-4,-0.08663075551993539,-0.02910701153846815,,,-0.05780437268770169,-0.08641468609402364,-0.02909879432729339,,,0.020838830575723017,2.8317445308776768e-9,0.011913473107511936,,,,,,,FALSE,,"cumulative 3L refit after adding study 'Ferriani (2022)' (median sample_mid = 2020.00); ordering: study-wise median sample_mid, ties alphabetical [DEC-045/H-Q17]; full display (CI band)"
H7,cumulative,Wang et al (2025b),step_111,Fisher_z,3LMA-RVE_CR2,0.6,2669,111,110,-0.05903190454042681,0.014431903349052984,-4.090375545946299,107.87274621168518,8.325620359358518e-5,-0.08763882297975573,-0.030424986101097888,,,-0.05896342920061204,-0.08741513832201739,-0.030415601644410685,,,0.020806909361456172,1.8491417841682596e-9,0.011871205505680374,,,,,,,FALSE,,"cumulative 3L refit after adding study 'Wang et al (2025b)' (median sample_mid = 2020.00); ordering: study-wise median sample_mid, ties alphabetical [DEC-045/H-Q17]; full display (CI band)"
H7,cumulative,Almutairi (2026),step_112,Fisher_z,3LMA-RVE_CR2,0.6,2685,112,111,-0.059066767837680695,0.014274826527245108,-4.137827365183398,108.85162346973446,6.931436153553928e-5,-0.0873594427898898,-0.030774092885471584,,,-0.0589981712176972,-0.08713788622587125,-0.03076438174939929,,,0.020524973907877775,2.5836690272006757e-9,0.011856452623455178,,,,,,,FALSE,,"cumulative 3L refit after adding study 'Almutairi (2026)' (median sample_mid = 2020.50); ordering: study-wise median sample_mid, ties alphabetical [DEC-045/H-Q17]; full display (CI band)"
H7,cumulative,Cicchini et al (2026),step_113,Fisher_z,3LMA-RVE_CR2,0.6,2705,113,112,-0.05877905973714477,0.014109738555625898,-4.165850380956075,109.82247536977944,6.201554144949018e-5,-0.08674175240711052,-0.03081636706717902,,,-0.058711459708171446,-0.0865248530550212,-0.030806615865874198,,,0.020213223405212224,3.8523599003643273e-10,0.011880597156476876,,,,,,,FALSE,,"cumulative 3L refit after adding study 'Cicchini et al (2026)' (median sample_mid = 2022.50); ordering: study-wise median sample_mid, ties alphabetical [DEC-045/H-Q17]; full display (CI band)"
H8,rolling,1998-2003,window_mean,Fisher_z,3LMA-RVE_CR2,0.6,312,9,9,-0.014871420064196091,,,,,,,,,-0.014870323844373753,,,,,3.23847217855242e-12,3.2384683866035457e-12,0.0018789520455422177,,,,,,,FALSE,,"descriptive tier (5-9 clusters: 9) [DEC-045 S6]: estimate only; se/CI/p suppressed by rule; window [1998, 2004) on sample_mid"
H8,rolling,1999-2004,window_mean,Fisher_z,3LMA-RVE_CR2,0.6,306,8,8,-0.015186720313541254,,,,,,,,,-0.015185552884034219,,,,,5.37327069653018e-12,5.373270989855204e-12,0.0018608640934214475,,,,,,,FALSE,,"descriptive tier (5-9 clusters: 8) [DEC-045 S6]: estimate only; se/CI/p suppressed by rule; window [1999, 2005) on sample_mid"
H8,rolling,2000-2005,window_mean,Fisher_z,3LMA-RVE_CR2,0.6,242,8,8,-0.016355716354717394,,,,,,,,,-0.016354258074489137,,,,,6.107951651656691e-6,6.107951640793563e-6,0.001729844269618538,,,,,,,FALSE,,"descriptive tier (5-9 clusters: 8) [DEC-045 S6]: estimate only; se/CI/p suppressed by rule; window [2000, 2006) on sample_mid"
H8,rolling,2001-2006,window_mean,Fisher_z,3LMA-RVE_CR2,0.6,75,6,6,-0.039045798003424684,,,,,,,,,-0.0390259673560593,,,,,1.5879924986888792e-4,1.587992518553151e-4,0.0062158481474860715,,,,,,,FALSE,,"descriptive tier (5-9 clusters: 6) [DEC-045 S6]: estimate only; se/CI/p suppressed by rule; window [2001, 2007) on sample_mid"
H8,rolling,2002-2007,window_mean,Fisher_z,3LMA-RVE_CR2,0.6,26,4,4,,,,,,,,,,,,,,,,,,,,,,,,FALSE,,"not_estimable: 4 clusters < 5 [DEC-045 S6 tier]; window [2002, 2008); no fit attempted"
H8,rolling,2003-2008,window_mean,Fisher_z,3LMA-RVE_CR2,0.6,67,7,7,-0.06479751290235232,,,,,,,,,-0.06470697613366688,,,,,3.567590381581669e-12,3.5675905569238467e-12,0.010422604547011874,,,,,,,FALSE,,"descriptive tier (5-9 clusters: 7) [DEC-045 S6]: estimate only; se/CI/p suppressed by rule; window [2003, 2009) on sample_mid"
H8,rolling,2004-2009,window_mean,Fisher_z,3LMA-RVE_CR2,0.6,85,8,8,-0.07101584255782302,,,,,,,,,-0.07089669935281265,,,,,2.6712831250529506e-12,2.671283753836938e-12,0.011561638794687624,,,,,,,FALSE,,"descriptive tier (5-9 clusters: 8) [DEC-045 S6]: estimate only; se/CI/p suppressed by rule; window [2004, 2010) on sample_mid"
H8,rolling,2005-2010,window_mean,Fisher_z,3LMA-RVE_CR2,0.6,436,18,18,-0.041300989186840595,0.010205513745322876,-4.0469289658022936,14.826400463289103,0.0010770773814721536,-0.06307573114024598,-0.019526247233435216,,,-0.04127752184572797,-0.0629922141099708,-0.019523765992897433,,,5.678312840807821e-4,5.678313545729773e-4,0.0032280909012058693,,,,,,,FALSE,,"full-inference tier (>= 10 clusters: 18) [DEC-045 S6]; window [2005, 2011) on sample_mid; width 6 y, step 1 y, anchor 1998"
H8,rolling,2006-2011,window_mean,Fisher_z,3LMA-RVE_CR2,0.6,674,24,24,-0.05290286428893547,0.010733015214344025,-4.92898437507421,20.827496099852674,7.248978511003336e-5,-0.07523465338359982,-0.030571075194271116,,,-0.052853566164499585,-0.07509302497675349,-0.030561554939709433,,,8.837391881365614e-4,8.83739585850964e-4,0.007132918893695839,,,,,,,FALSE,,"full-inference tier (>= 10 clusters: 24) [DEC-045 S6]; window [2006, 2012) on sample_mid; width 6 y, step 1 y, anchor 1998"
H8,rolling,2007-2012,window_mean,Fisher_z,3LMA-RVE_CR2,0.6,1008,43,42,-0.08680172538071888,0.040022875213596674,-2.1688028388132987,40.933297423358525,0.03596082712538133,-0.16763356182724054,-0.005969888934197226,,,-0.08658437672900343,-0.16608078909691193,-0.005969818013775667,,,0.06502840482047388,9.122807917665648e-10,0.01174412828152489,,,,,,,FALSE,,"full-inference tier (>= 10 clusters: 42) [DEC-045 S6]; window [2007, 2013) on sample_mid; width 6 y, step 1 y, anchor 1998"
H8,rolling,2008-2013,window_mean,Fisher_z,3LMA-RVE_CR2,0.6,1368,54,53,-0.07352867983058636,0.031936071828760626,-2.3023708183286566,51.93073872203696,0.025354623111179808,-0.13761513083536647,-0.00944222882580624,,,-0.07339645564840583,-0.1367529464660046,-0.009441948226352795,,,0.05240268108896739,1.3686398531019762e-9,0.009135002206944996,,,,,,,FALSE,,"full-inference tier (>= 10 clusters: 53) [DEC-045 S6]; window [2008, 2014) on sample_mid; width 6 y, step 1 y, anchor 1998"
H8,rolling,2009-2014,window_mean,Fisher_z,3LMA-RVE_CR2,0.6,1552,63,62,-0.06647222634666439,0.025720733665323427,-2.5843829811231993,60.65265775460121,0.012178640610160853,-0.1179099694762317,-0.015034483217097078,,,-0.06637449530418102,-0.11736656649247021,-0.01503335054293298,,,0.038430973895207325,1.8597390031725258e-9,0.01677335144331136,,,,,,,FALSE,,"full-inference tier (>= 10 clusters: 62) [DEC-045 S6]; window [2009, 2015) on sample_mid; width 6 y, step 1 y, anchor 1998"
H8,rolling,2010-2015,window_mean,Fisher_z,3LMA-RVE_CR2,0.6,1676,72,71,-0.062432418439040085,0.022271271251453506,-2.8032714313497267,69.46969116166306,0.006551943065764788,-0.10685703045510672,-0.01800780642297345,,,-0.06235142820719747,-0.10645216652349661,-0.018005860145051386,,,0.03265334815983139,1.2570702044108427e-9,0.016017806933027286,,,,,,,FALSE,,"full-inference tier (>= 10 clusters: 71) [DEC-045 S6]; window [2010, 2016) on sample_mid; width 6 y, step 1 y, anchor 1998"
H8,rolling,2011-2016,window_mean,Fisher_z,3LMA-RVE_CR2,0.6,1339,65,64,-0.06546839882884874,0.02428485422260828,-2.6958530707546986,62.40518520944337,0.009012682353538413,-0.11400686169950358,-0.016929935958193885,,,-0.06537502396479512,-0.11351547907242016,-0.016928318642121028,,,0.03449712930246519,1.3679622662190504e-9,0.019559065961414244,,,,,,,FALSE,,"full-inference tier (>= 10 clusters: 64) [DEC-045 S6]; window [2011, 2017) on sample_mid; width 6 y, step 1 y, anchor 1998"
H8,rolling,2012-2017,window_mean,Fisher_z,3LMA-RVE_CR2,0.6,1365,64,63,-0.06336974920298744,0.025091274338674512,-2.52556918184551,61.53577795163788,0.014141321622509926,-0.11353401975393874,-0.013205478652036126,,,-0.06328506007124736,-0.1130487050373167,-0.01320471109457959,,,0.036683453439969566,1.1588690409776522e-9,0.017567020207654337,,,,,,,FALSE,,"full-inference tier (>= 10 clusters: 63) [DEC-045 S6]; window [2012, 2018) on sample_mid; width 6 y, step 1 y, anchor 1998"
H8,rolling,2013-2018,window_mean,Fisher_z,3LMA-RVE_CR2,0.6,1097,46,46,-0.03893196608390726,0.007626006065531803,-5.105158027590989,36.28431255699602,1.0683447303589299e-5,-0.05439401636938873,-0.023469915798425795,,,-0.03891230830110136,-0.05434043442628279,-0.02346560738212443,,,5.808558304469238e-4,5.808558258555813e-4,0.015491240460378588,,,,,,,FALSE,,"full-inference tier (>= 10 clusters: 46) [DEC-045 S6]; window [2013, 2019) on sample_mid; width 6 y, step 1 y, anchor 1998"
H8,rolling,2014-2019,window_mean,Fisher_z,3LMA-RVE_CR2,0.6,823,41,41,-0.04125959815821782,0.007848013752765845,-5.257330001960924,28.454146632190092,1.3103350432017888e-5,-0.05732397405492645,-0.02519522226150919,,,-0.04123620126996579,-0.05726126689117325,-0.025189892312363984,,,3.263821308380813e-4,3.26382151954807e-4,0.02064104419270079,,,,,,,FALSE,,"full-inference tier (>= 10 clusters: 41) [DEC-045 S6]; window [2014, 2020) on sample_mid; width 6 y, step 1 y, anchor 1998"
H8,rolling,2015-2020,window_mean,Fisher_z,3LMA-RVE_CR2,0.6,754,35,35,-0.04783698360853539,0.00776818012628498,-6.158068277365336,30.1795610434519,8.75111169316348e-7,-0.06369776668715743,-0.031976200529913346,,,-0.0478005272941298,-0.06361175705228661,-0.03196530667125129,,,6.2931874627049e-4,6.293187884595496e-4,0.004676045013974299,,,,,,,FALSE,,"full-inference tier (>= 10 clusters: 35) [DEC-045 S6]; window [2015, 2021) on sample_mid; width 6 y, step 1 y, anchor 1998"
H8,rolling,2016-2021,window_mean,Fisher_z,3LMA-RVE_CR2,0.6,612,25,25,-0.05084532251093402,0.009438689503301527,-5.3869048762700595,21.741826330679352,2.157188777375492e-5,-0.07043345192327295,-0.03125719309859509,,,-0.050801551870741445,-0.07031721215149435,-0.031247017523071807,,,7.333119735386288e-4,7.333118547351004e-4,0.004020223252844014,,,,,,,FALSE,,"full-inference tier (>= 10 clusters: 25) [DEC-045 S6]; window [2016, 2022) on sample_mid; width 6 y, step 1 y, anchor 1998"
H8,rolling,2017-2022,window_mean,Fisher_z,3LMA-RVE_CR2,0.6,618,22,22,-0.050953482266777456,0.010063260944679402,-5.06331720372583,19.480890625887035,6.416037657828179e-5,-0.0719809939246451,-0.029925970608909815,,,-0.05090943189495148,-0.07185693353561665,-0.029917040270147816,,,7.799657249289057e-4,7.799658152428255e-4,0.0044258655150468075,,,,,,,FALSE,,"full-inference tier (>= 10 clusters: 22) [DEC-045 S6]; window [2017, 2023) on sample_mid; width 6 y, step 1 y, anchor 1998"
H8,rolling,2018-2023,window_mean,Fisher_z,3LMA-RVE_CR2,0.6,336,14,14,-0.053383469552545214,0.015324112534199604,-3.4836255237232563,12.580064394696167,0.004226715573548852,-0.08660189075534398,-0.020165048349746445,,,-0.05333281664688944,-0.0863860368055502,-0.020162315561913675,,,0.001289149088607222,0.0012891488714143254,0.00464044737811189,,,,,,,FALSE,,"full-inference tier (>= 10 clusters: 14) [DEC-045 S6]; window [2018, 2024) on sample_mid; width 6 y, step 1 y, anchor 1998"
H9,external_size,defined,own_pooled,Fisher_z,descriptive,0.6,2713,115,114,-0.058646736610097984,,,,,,,,,-0.05857959167994344,-0.08589044537514602,-0.031180767616603433,,,,,,,,,,,,FALSE,,"debt-side pooled mean (E1 refit of T1/A1); descriptive channel-level size comparison, NO formal z-test [DEC-045/H-Q9; N12 scope shift disclosed]"
H9,external_size,defined,coe_study_level,Fisher_z,descriptive,,,75,,,,,,,,,,,-0.039,-0.046,-0.032,,,,,,,,,,,,FALSE,,"COE companion STUDY-LEVEL row (Table 3, 75 units; NOT the ES-level -0.041 figure); SE provenance disclosure: COE main model = naive inverse variance at ES level, k = 1,139, no cluster-robust inference; overlap disclosure: 7/120 corpus, 6/115 estimation set, 5/113 period domain; 60/2,713 est ES (2.2%); 0 shared effect sizes [DEC-045/H-Q10]"
H10,pcurve,defined,count_significant,count,descriptive,0.6,31,31,31,,,,,,,,,,,,,,,,,,,,,,,28,FALSE,,N13 rule [Annex H/DEC-045]: conditional on >= 5 significant study-level post-cell p; selection = first-reported ES per post study (dat_prep row order); p reconstructed as 2*pnorm(-|zi|/sqrt(vi)) (z-metric; converted-r accuracy caveat)
H10,pcurve,defined,right_skew_binomial,count,descriptive,0.6,,28,,,,,,,,,,,,,,,,,,,,,,,,1.516193151473999e-6,FALSE,,N13 rule [Annex H/DEC-045]: conditional on >= 5 significant study-level post-cell p; selection = first-reported ES per post study (dat_prep row order); p reconstructed as 2*pnorm(-|zi|/sqrt(vi)) (z-metric; converted-r accuracy caveat); share of significant p < .025: 26/28; one-sided binomial vs 0.5 [Simonsohn et al. 2014]
H10,pcurve,defined,right_skew_stouffer,count,descriptive,0.6,,28,,,,,,,,,,,,,,,,,,,,,,,,2.0586452189955711e-119,FALSE,,N13 rule [Annex H/DEC-045]: conditional on >= 5 significant study-level post-cell p; selection = first-reported ES per post study (dat_prep row order); p reconstructed as 2*pnorm(-|zi|/sqrt(vi)) (z-metric; converted-r accuracy caveat); Stouffer z on pp = p/.05: z = -23.2043; right-skew p = pnorm(z)
H10,pcurve,defined,flatness_vs_33,count,descriptive,0.6,,28,,,,,,,,,,,,,,,,,,,,,,,,1,FALSE,,N13 rule [Annex H/DEC-045]: conditional on >= 5 significant study-level post-cell p; selection = first-reported ES per post study (dat_prep row order); p reconstructed as 2*pnorm(-|zi|/sqrt(vi)) (z-metric; converted-r accuracy caveat); NCP_33 = 1.529236685 (= qnorm(.975) - qnorm(2/3)); Stouffer z on pp33: z = -20.0115; flatter-than-33% p = 1 - pnorm(z); pp33 clip share (upper/lower) = 0/9 of 28
H11,within_study,Li et al (2022),pre_mean,Fisher_z,descriptive,0.6,12,1,1,-0.05234808268506891,,,,,,,,,-0.05230031817706133,,,,,,,,,,,,,0.03429192737288007,FALSE,,"N15 within-study display: descriptive only, explicitly NO p-values (single both-period cluster) [DEC-045/H-Q11; DEC-008 partial reopen]; unweighted mean of Fisher-z within cell; value = SD"
H11,within_study,Li et al (2022),post_mean,Fisher_z,descriptive,0.6,5,1,1,-0.016230795425782017,,,,,,,,,-0.016229370302630195,,,,,,,,,,,,,0.03254925968901028,FALSE,,"N15 within-study display: descriptive only, explicitly NO p-values (single both-period cluster) [DEC-045/H-Q11; DEC-008 partial reopen]; unweighted mean of Fisher-z within cell; value = SD"
H11,within_study,Li et al (2022),within_diff,Fisher_z,descriptive,0.6,17,1,1,0.036117287259286895,,,,,,,,,,,,,,,,,,,,,,,FALSE,,"N15 within-study display: descriptive only, explicitly NO p-values (single both-period cluster) [DEC-045/H-Q11; DEC-008 partial reopen]; unweighted mean of Fisher-z within cell; value = SD; post-minus-pre difference of unweighted cell means; z-only, no CI/p by rule"
TH_design,design,defined,h6_tie_inventory,count,descriptive,,,,,,,,,,,,,,,,,,,,,,,,,,,79,FALSE,,tie ES at sample_mid = 2015.5: 79 ES / 5 studies / 5 clusters (Ho & Wong 2023; Kordschia 2020; Owolabi et al 2024; Ririmasse et al 2026; Xiang & Gong 2026); post cell 31 -> 26 studies under the Zarea tie-exclusion rule [DEC-045/H-Q8]
TH_design,design,defined,h4_admissible_years,count,descriptive,,,,,,,,,,,,,,,,,,,,,,,,,,,12,FALSE,,"candidate years with break-coefficient Satterthwaite df >= 5, computed ONCE on the observed design and held fixed for the TH-c permutation [DEC-045/H-Q6/H-Q20]: 2008, 2009, 2010, 2011, 2012, 2013, 2014, 2015, 2016, 2017, 2018, 2019"
TH_design,design,defined,h7_floor_step,count,descriptive,,,,,,,,,,,,,,,,,,,,,,,,,,,10,FALSE,,"first cumulative step with >= 10 clusters (CI band from here; steps 1-9 point-only in the figure) [DEC-045/H-Q17]; floor study = 'Chen, Gao (2011)'"
TH_design,design,defined,h7_order_head,count,descriptive,,,,,,,,,,,,,,,,,,,,,,,,,,,,FALSE,,"ordering: study-wise median sample_mid, ties alphabetical; first 5: Nandy, Lodh (2012) (1998.50); Chava (2010) (1999.00); Schneider (2010) (1999.00); Chava (2014) (1999.50); Oikonomou et al (2014) (2000.00)"
TH_design,design,defined,h8_window_anchor,year,descriptive,,,,,,,,,,,,,,,,,,,,,,,,,,,1998,FALSE,,"derived design constant: min sample_mid = 1998.5 -> anchor 1998; width 6 y, step 1 y -> 21 windows [DEC-045 S6]"
TH_design,design,defined,h10_selection_rule,count,descriptive,,,,,,,,,,,,,,,,,,,,,,,,,,,,FALSE,,first-reported ES per post study = first occurrence in dat_prep row order (pinned) [DEC-045/N13]
TH_design,design,defined,h11_straddle_studies,count,descriptive,,,,,,,,,,,,,,,,,,,,,,,,,,,73,FALSE,,studies with any pp_window_class == 'mixed' on the estimation set (straddle the break) [DEC-045/H-Q11]
TH_design,design,defined,h11_pool_across,count,descriptive,,,,,,,,,,,,,,,,,,,,,,,,,,,72,FALSE,,straddling studies minus the single within-split study (Li et al 2022) = studies that pool across the break ('Paris blindness' introduction module)
